,age,cageID,larv_adult,larvalTreat,adultTreat,status,sex
3,3,HP_HP1,HP_HP,HP,HP,1,F
4,3,HP_HP1,HP_HP,HP,HP,1,F
5,3,HP_HP1,HP_HP,HP,HP,1,F
6,3,HP_HP1,HP_HP,HP,HP,1,F
18,3,HP_HP2,HP_HP,HP,HP,1,F
19,3,HP_HP2,HP_HP,HP,HP,1,F
20,3,HP_HP2,HP_HP,HP,HP,1,F
1847,3,HP_HP2,HP_HP,HP,HP,0,F
1956,3,HP_HP1,HP_HP,HP,HP,1,M
1957,3,HP_HP1,HP_HP,HP,HP,1,M
1958,3,HP_HP1,HP_HP,HP,HP,1,M
1959,3,HP_HP1,HP_HP,HP,HP,1,M
1960,3,HP_HP1,HP_HP,HP,HP,1,M
1974,3,HP_HP2,HP_HP,HP,HP,1,M
3027,3,HP_HP2,HP_HP,HP,HP,0,M
7,3,HP_LP1,HP_LP,HP,LP,1,F
8,3,HP_LP1,HP_LP,HP,LP,1,F
9,3,HP_LP1,HP_LP,HP,LP,1,F
10,3,HP_LP1,HP_LP,HP,LP,1,F
17,3,HP_LP2,HP_LP,HP,LP,1,F
1845,3,HP_LP1,HP_LP,HP,LP,0,F
1961,3,HP_LP1,HP_LP,HP,LP,1,M
1962,3,HP_LP1,HP_LP,HP,LP,1,M
1963,3,HP_LP1,HP_LP,HP,LP,1,M
1964,3,HP_LP1,HP_LP,HP,LP,1,M
1969,3,HP_LP2,HP_LP,HP,LP,1,M
1970,3,HP_LP2,HP_LP,HP,LP,1,M
1971,3,HP_LP2,HP_LP,HP,LP,1,M
1972,3,HP_LP2,HP_LP,HP,LP,1,M
1973,3,HP_LP2,HP_LP,HP,LP,1,M
3026,3,HP_LP2,HP_LP,HP,LP,0,M
1,3,LP_HP1,LP_HP,LP,HP,1,F
2,3,LP_HP1,LP_HP,LP,HP,1,F
13,3,LP_HP2,LP_HP,LP,HP,1,F
14,3,LP_HP2,LP_HP,LP,HP,1,F
15,3,LP_HP2,LP_HP,LP,HP,1,F
16,3,LP_HP2,LP_HP,LP,HP,1,F
1955,3,LP_HP1,LP_HP,LP,HP,1,M
1967,3,LP_HP2,LP_HP,LP,HP,1,M
1968,3,LP_HP2,LP_HP,LP,HP,1,M
3025,3,LP_HP2,LP_HP,LP,HP,0,M
11,3,LP_LP2,LP_LP,LP,LP,1,F
12,3,LP_LP2,LP_LP,LP,LP,1,F
1844,3,LP_LP1,LP_LP,LP,LP,0,F
1846,3,LP_LP2,LP_LP,LP,LP,0,F
1965,3,LP_LP2,LP_LP,LP,LP,1,M
1966,3,LP_LP2,LP_LP,LP,LP,1,M
3024,3,LP_LP2,LP_LP,LP,LP,0,M
31,5,HP_HP1,HP_HP,HP,HP,1,F
32,5,HP_HP1,HP_HP,HP,HP,1,F
33,5,HP_HP1,HP_HP,HP,HP,1,F
34,5,HP_HP1,HP_HP,HP,HP,1,F
47,5,HP_HP2,HP_HP,HP,HP,1,F
48,5,HP_HP2,HP_HP,HP,HP,1,F
49,5,HP_HP2,HP_HP,HP,HP,1,F
50,5,HP_HP2,HP_HP,HP,HP,1,F
1849,5,HP_HP2,HP_HP,HP,HP,0,F
1981,5,HP_HP1,HP_HP,HP,HP,1,M
1982,5,HP_HP1,HP_HP,HP,HP,1,M
1983,5,HP_HP1,HP_HP,HP,HP,1,M
1984,5,HP_HP1,HP_HP,HP,HP,1,M
2005,5,HP_HP2,HP_HP,HP,HP,1,M
2006,5,HP_HP2,HP_HP,HP,HP,1,M
2007,5,HP_HP2,HP_HP,HP,HP,1,M
2008,5,HP_HP2,HP_HP,HP,HP,1,M
2009,5,HP_HP2,HP_HP,HP,HP,1,M
2010,5,HP_HP2,HP_HP,HP,HP,1,M
2011,5,HP_HP2,HP_HP,HP,HP,1,M
3030,5,HP_HP2,HP_HP,HP,HP,0,M
35,5,HP_LP1,HP_LP,HP,LP,1,F
36,5,HP_LP1,HP_LP,HP,LP,1,F
37,5,HP_LP1,HP_LP,HP,LP,1,F
45,5,HP_LP2,HP_LP,HP,LP,1,F
46,5,HP_LP2,HP_LP,HP,LP,1,F
1985,5,HP_LP1,HP_LP,HP,LP,1,M
1986,5,HP_LP1,HP_LP,HP,LP,1,M
1987,5,HP_LP1,HP_LP,HP,LP,1,M
1988,5,HP_LP1,HP_LP,HP,LP,1,M
1989,5,HP_LP1,HP_LP,HP,LP,1,M
2004,5,HP_LP2,HP_LP,HP,LP,1,M
3029,5,HP_LP1,HP_LP,HP,LP,0,M
22,5,LP_HP1,LP_HP,LP,HP,1,F
23,5,LP_HP1,LP_HP,LP,HP,1,F
24,5,LP_HP1,LP_HP,LP,HP,1,F
25,5,LP_HP1,LP_HP,LP,HP,1,F
26,5,LP_HP1,LP_HP,LP,HP,1,F
27,5,LP_HP1,LP_HP,LP,HP,1,F
28,5,LP_HP1,LP_HP,LP,HP,1,F
29,5,LP_HP1,LP_HP,LP,HP,1,F
30,5,LP_HP1,LP_HP,LP,HP,1,F
44,5,LP_HP2,LP_HP,LP,HP,1,F
1848,5,LP_HP2,LP_HP,LP,HP,0,F
1977,5,LP_HP1,LP_HP,LP,HP,1,M
1978,5,LP_HP1,LP_HP,LP,HP,1,M
1979,5,LP_HP1,LP_HP,LP,HP,1,M
1980,5,LP_HP1,LP_HP,LP,HP,1,M
1999,5,LP_HP2,LP_HP,LP,HP,1,M
2000,5,LP_HP2,LP_HP,LP,HP,1,M
2001,5,LP_HP2,LP_HP,LP,HP,1,M
2002,5,LP_HP2,LP_HP,LP,HP,1,M
2003,5,LP_HP2,LP_HP,LP,HP,1,M
21,5,LP_LP1,LP_LP,LP,LP,1,F
38,5,LP_LP2,LP_LP,LP,LP,1,F
39,5,LP_LP2,LP_LP,LP,LP,1,F
40,5,LP_LP2,LP_LP,LP,LP,1,F
41,5,LP_LP2,LP_LP,LP,LP,1,F
42,5,LP_LP2,LP_LP,LP,LP,1,F
43,5,LP_LP2,LP_LP,LP,LP,1,F
1975,5,LP_LP1,LP_LP,LP,LP,1,M
1976,5,LP_LP1,LP_LP,LP,LP,1,M
1990,5,LP_LP2,LP_LP,LP,LP,1,M
1991,5,LP_LP2,LP_LP,LP,LP,1,M
1992,5,LP_LP2,LP_LP,LP,LP,1,M
1993,5,LP_LP2,LP_LP,LP,LP,1,M
1994,5,LP_LP2,LP_LP,LP,LP,1,M
1995,5,LP_LP2,LP_LP,LP,LP,1,M
1996,5,LP_LP2,LP_LP,LP,LP,1,M
1997,5,LP_LP2,LP_LP,LP,LP,1,M
1998,5,LP_LP2,LP_LP,LP,LP,1,M
3028,5,LP_LP1,LP_LP,LP,LP,0,M
56,8,HP_HP1,HP_HP,HP,HP,1,F
57,8,HP_HP1,HP_HP,HP,HP,1,F
58,8,HP_HP1,HP_HP,HP,HP,1,F
59,8,HP_HP1,HP_HP,HP,HP,1,F
99,8,HP_HP2,HP_HP,HP,HP,1,F
100,8,HP_HP2,HP_HP,HP,HP,1,F
101,8,HP_HP2,HP_HP,HP,HP,1,F
102,8,HP_HP2,HP_HP,HP,HP,1,F
103,8,HP_HP2,HP_HP,HP,HP,1,F
1851,8,HP_HP2,HP_HP,HP,HP,0,F
2019,8,HP_HP1,HP_HP,HP,HP,1,M
2020,8,HP_HP1,HP_HP,HP,HP,1,M
2021,8,HP_HP1,HP_HP,HP,HP,1,M
2047,8,HP_HP2,HP_HP,HP,HP,1,M
2048,8,HP_HP2,HP_HP,HP,HP,1,M
2049,8,HP_HP2,HP_HP,HP,HP,1,M
2050,8,HP_HP2,HP_HP,HP,HP,1,M
2051,8,HP_HP2,HP_HP,HP,HP,1,M
2052,8,HP_HP2,HP_HP,HP,HP,1,M
2053,8,HP_HP2,HP_HP,HP,HP,1,M
2054,8,HP_HP2,HP_HP,HP,HP,1,M
60,8,HP_LP1,HP_LP,HP,LP,1,F
61,8,HP_LP1,HP_LP,HP,LP,1,F
62,8,HP_LP1,HP_LP,HP,LP,1,F
63,8,HP_LP1,HP_LP,HP,LP,1,F
64,8,HP_LP1,HP_LP,HP,LP,1,F
65,8,HP_LP1,HP_LP,HP,LP,1,F
66,8,HP_LP1,HP_LP,HP,LP,1,F
67,8,HP_LP1,HP_LP,HP,LP,1,F
92,8,HP_LP2,HP_LP,HP,LP,1,F
93,8,HP_LP2,HP_LP,HP,LP,1,F
94,8,HP_LP2,HP_LP,HP,LP,1,F
95,8,HP_LP2,HP_LP,HP,LP,1,F
96,8,HP_LP2,HP_LP,HP,LP,1,F
97,8,HP_LP2,HP_LP,HP,LP,1,F
98,8,HP_LP2,HP_LP,HP,LP,1,F
2022,8,HP_LP1,HP_LP,HP,LP,1,M
2023,8,HP_LP1,HP_LP,HP,LP,1,M
2024,8,HP_LP1,HP_LP,HP,LP,1,M
2025,8,HP_LP1,HP_LP,HP,LP,1,M
2036,8,HP_LP2,HP_LP,HP,LP,1,M
2037,8,HP_LP2,HP_LP,HP,LP,1,M
2038,8,HP_LP2,HP_LP,HP,LP,1,M
2039,8,HP_LP2,HP_LP,HP,LP,1,M
2040,8,HP_LP2,HP_LP,HP,LP,1,M
2041,8,HP_LP2,HP_LP,HP,LP,1,M
2042,8,HP_LP2,HP_LP,HP,LP,1,M
2043,8,HP_LP2,HP_LP,HP,LP,1,M
2044,8,HP_LP2,HP_LP,HP,LP,1,M
2045,8,HP_LP2,HP_LP,HP,LP,1,M
2046,8,HP_LP2,HP_LP,HP,LP,1,M
53,8,LP_HP1,LP_HP,LP,HP,1,F
54,8,LP_HP1,LP_HP,LP,HP,1,F
55,8,LP_HP1,LP_HP,LP,HP,1,F
79,8,LP_HP2,LP_HP,LP,HP,1,F
80,8,LP_HP2,LP_HP,LP,HP,1,F
81,8,LP_HP2,LP_HP,LP,HP,1,F
82,8,LP_HP2,LP_HP,LP,HP,1,F
83,8,LP_HP2,LP_HP,LP,HP,1,F
84,8,LP_HP2,LP_HP,LP,HP,1,F
85,8,LP_HP2,LP_HP,LP,HP,1,F
86,8,LP_HP2,LP_HP,LP,HP,1,F
87,8,LP_HP2,LP_HP,LP,HP,1,F
88,8,LP_HP2,LP_HP,LP,HP,1,F
89,8,LP_HP2,LP_HP,LP,HP,1,F
90,8,LP_HP2,LP_HP,LP,HP,1,F
91,8,LP_HP2,LP_HP,LP,HP,1,F
1850,8,LP_HP2,LP_HP,LP,HP,0,F
2015,8,LP_HP1,LP_HP,LP,HP,1,M
2016,8,LP_HP1,LP_HP,LP,HP,1,M
2017,8,LP_HP1,LP_HP,LP,HP,1,M
2018,8,LP_HP1,LP_HP,LP,HP,1,M
2029,8,LP_HP2,LP_HP,LP,HP,1,M
2030,8,LP_HP2,LP_HP,LP,HP,1,M
2031,8,LP_HP2,LP_HP,LP,HP,1,M
2032,8,LP_HP2,LP_HP,LP,HP,1,M
2033,8,LP_HP2,LP_HP,LP,HP,1,M
2034,8,LP_HP2,LP_HP,LP,HP,1,M
2035,8,LP_HP2,LP_HP,LP,HP,1,M
3031,8,LP_HP1,LP_HP,LP,HP,0,M
51,8,LP_LP1,LP_LP,LP,LP,1,F
52,8,LP_LP1,LP_LP,LP,LP,1,F
68,8,LP_LP2,LP_LP,LP,LP,1,F
69,8,LP_LP2,LP_LP,LP,LP,1,F
70,8,LP_LP2,LP_LP,LP,LP,1,F
71,8,LP_LP2,LP_LP,LP,LP,1,F
72,8,LP_LP2,LP_LP,LP,LP,1,F
73,8,LP_LP2,LP_LP,LP,LP,1,F
74,8,LP_LP2,LP_LP,LP,LP,1,F
75,8,LP_LP2,LP_LP,LP,LP,1,F
76,8,LP_LP2,LP_LP,LP,LP,1,F
77,8,LP_LP2,LP_LP,LP,LP,1,F
78,8,LP_LP2,LP_LP,LP,LP,1,F
2012,8,LP_LP1,LP_LP,LP,LP,1,M
2013,8,LP_LP1,LP_LP,LP,LP,1,M
2014,8,LP_LP1,LP_LP,LP,LP,1,M
2026,8,LP_LP2,LP_LP,LP,LP,1,M
2027,8,LP_LP2,LP_LP,LP,LP,1,M
2028,8,LP_LP2,LP_LP,LP,LP,1,M
116,10,HP_HP1,HP_HP,HP,HP,1,F
117,10,HP_HP1,HP_HP,HP,HP,1,F
118,10,HP_HP1,HP_HP,HP,HP,1,F
119,10,HP_HP1,HP_HP,HP,HP,1,F
120,10,HP_HP1,HP_HP,HP,HP,1,F
121,10,HP_HP1,HP_HP,HP,HP,1,F
122,10,HP_HP1,HP_HP,HP,HP,1,F
123,10,HP_HP1,HP_HP,HP,HP,1,F
146,10,HP_HP2,HP_HP,HP,HP,1,F
147,10,HP_HP2,HP_HP,HP,HP,1,F
148,10,HP_HP2,HP_HP,HP,HP,1,F
149,10,HP_HP2,HP_HP,HP,HP,1,F
150,10,HP_HP2,HP_HP,HP,HP,1,F
151,10,HP_HP2,HP_HP,HP,HP,1,F
152,10,HP_HP2,HP_HP,HP,HP,1,F
153,10,HP_HP2,HP_HP,HP,HP,1,F
154,10,HP_HP2,HP_HP,HP,HP,1,F
2059,10,HP_HP1,HP_HP,HP,HP,1,M
2060,10,HP_HP1,HP_HP,HP,HP,1,M
2061,10,HP_HP1,HP_HP,HP,HP,1,M
2080,10,HP_HP2,HP_HP,HP,HP,1,M
2081,10,HP_HP2,HP_HP,HP,HP,1,M
3032,10,HP_HP1,HP_HP,HP,HP,0,M
124,10,HP_LP1,HP_LP,HP,LP,1,F
125,10,HP_LP1,HP_LP,HP,LP,1,F
143,10,HP_LP2,HP_LP,HP,LP,1,F
144,10,HP_LP2,HP_LP,HP,LP,1,F
145,10,HP_LP2,HP_LP,HP,LP,1,F
1855,10,HP_LP2,HP_LP,HP,LP,0,F
2062,10,HP_LP1,HP_LP,HP,LP,1,M
2063,10,HP_LP1,HP_LP,HP,LP,1,M
2076,10,HP_LP2,HP_LP,HP,LP,1,M
2077,10,HP_LP2,HP_LP,HP,LP,1,M
2078,10,HP_LP2,HP_LP,HP,LP,1,M
2079,10,HP_LP2,HP_LP,HP,LP,1,M
107,10,LP_HP1,LP_HP,LP,HP,1,F
108,10,LP_HP1,LP_HP,LP,HP,1,F
109,10,LP_HP1,LP_HP,LP,HP,1,F
110,10,LP_HP1,LP_HP,LP,HP,1,F
111,10,LP_HP1,LP_HP,LP,HP,1,F
112,10,LP_HP1,LP_HP,LP,HP,1,F
113,10,LP_HP1,LP_HP,LP,HP,1,F
114,10,LP_HP1,LP_HP,LP,HP,1,F
115,10,LP_HP1,LP_HP,LP,HP,1,F
136,10,LP_HP2,LP_HP,LP,HP,1,F
137,10,LP_HP2,LP_HP,LP,HP,1,F
138,10,LP_HP2,LP_HP,LP,HP,1,F
139,10,LP_HP2,LP_HP,LP,HP,1,F
140,10,LP_HP2,LP_HP,LP,HP,1,F
141,10,LP_HP2,LP_HP,LP,HP,1,F
142,10,LP_HP2,LP_HP,LP,HP,1,F
1852,10,LP_HP1,LP_HP,LP,HP,0,F
1854,10,LP_HP2,LP_HP,LP,HP,0,F
2057,10,LP_HP1,LP_HP,LP,HP,1,M
2058,10,LP_HP1,LP_HP,LP,HP,1,M
2069,10,LP_HP2,LP_HP,LP,HP,1,M
2070,10,LP_HP2,LP_HP,LP,HP,1,M
2071,10,LP_HP2,LP_HP,LP,HP,1,M
2072,10,LP_HP2,LP_HP,LP,HP,1,M
2073,10,LP_HP2,LP_HP,LP,HP,1,M
2074,10,LP_HP2,LP_HP,LP,HP,1,M
2075,10,LP_HP2,LP_HP,LP,HP,1,M
3034,10,LP_HP2,LP_HP,LP,HP,0,M
104,10,LP_LP1,LP_LP,LP,LP,1,F
105,10,LP_LP1,LP_LP,LP,LP,1,F
106,10,LP_LP1,LP_LP,LP,LP,1,F
126,10,LP_LP2,LP_LP,LP,LP,1,F
127,10,LP_LP2,LP_LP,LP,LP,1,F
128,10,LP_LP2,LP_LP,LP,LP,1,F
129,10,LP_LP2,LP_LP,LP,LP,1,F
130,10,LP_LP2,LP_LP,LP,LP,1,F
131,10,LP_LP2,LP_LP,LP,LP,1,F
132,10,LP_LP2,LP_LP,LP,LP,1,F
133,10,LP_LP2,LP_LP,LP,LP,1,F
134,10,LP_LP2,LP_LP,LP,LP,1,F
135,10,LP_LP2,LP_LP,LP,LP,1,F
1853,10,LP_LP2,LP_LP,LP,LP,0,F
2055,10,LP_LP1,LP_LP,LP,LP,1,M
2056,10,LP_LP1,LP_LP,LP,LP,1,M
2064,10,LP_LP2,LP_LP,LP,LP,1,M
2065,10,LP_LP2,LP_LP,LP,LP,1,M
2066,10,LP_LP2,LP_LP,LP,LP,1,M
2067,10,LP_LP2,LP_LP,LP,LP,1,M
2068,10,LP_LP2,LP_LP,LP,LP,1,M
3033,10,LP_LP2,LP_LP,LP,LP,0,M
164,12,HP_HP1,HP_HP,HP,HP,1,F
165,12,HP_HP1,HP_HP,HP,HP,1,F
166,12,HP_HP1,HP_HP,HP,HP,1,F
167,12,HP_HP1,HP_HP,HP,HP,1,F
168,12,HP_HP1,HP_HP,HP,HP,1,F
169,12,HP_HP1,HP_HP,HP,HP,1,F
170,12,HP_HP1,HP_HP,HP,HP,1,F
171,12,HP_HP1,HP_HP,HP,HP,1,F
172,12,HP_HP1,HP_HP,HP,HP,1,F
202,12,HP_HP2,HP_HP,HP,HP,1,F
203,12,HP_HP2,HP_HP,HP,HP,1,F
204,12,HP_HP2,HP_HP,HP,HP,1,F
1857,12,HP_HP1,HP_HP,HP,HP,0,F
2087,12,HP_HP1,HP_HP,HP,HP,1,M
2088,12,HP_HP1,HP_HP,HP,HP,1,M
2089,12,HP_HP1,HP_HP,HP,HP,1,M
2090,12,HP_HP1,HP_HP,HP,HP,1,M
2091,12,HP_HP1,HP_HP,HP,HP,1,M
2104,12,HP_HP2,HP_HP,HP,HP,1,M
173,12,HP_LP1,HP_LP,HP,LP,1,F
197,12,HP_LP2,HP_LP,HP,LP,1,F
198,12,HP_LP2,HP_LP,HP,LP,1,F
199,12,HP_LP2,HP_LP,HP,LP,1,F
200,12,HP_LP2,HP_LP,HP,LP,1,F
201,12,HP_LP2,HP_LP,HP,LP,1,F
2092,12,HP_LP1,HP_LP,HP,LP,1,M
2103,12,HP_LP2,HP_LP,HP,LP,1,M
3037,12,HP_LP2,HP_LP,HP,LP,0,M
158,12,LP_HP1,LP_HP,LP,HP,1,F
159,12,LP_HP1,LP_HP,LP,HP,1,F
160,12,LP_HP1,LP_HP,LP,HP,1,F
161,12,LP_HP1,LP_HP,LP,HP,1,F
162,12,LP_HP1,LP_HP,LP,HP,1,F
163,12,LP_HP1,LP_HP,LP,HP,1,F
187,12,LP_HP2,LP_HP,LP,HP,1,F
188,12,LP_HP2,LP_HP,LP,HP,1,F
189,12,LP_HP2,LP_HP,LP,HP,1,F
190,12,LP_HP2,LP_HP,LP,HP,1,F
191,12,LP_HP2,LP_HP,LP,HP,1,F
192,12,LP_HP2,LP_HP,LP,HP,1,F
193,12,LP_HP2,LP_HP,LP,HP,1,F
194,12,LP_HP2,LP_HP,LP,HP,1,F
195,12,LP_HP2,LP_HP,LP,HP,1,F
196,12,LP_HP2,LP_HP,LP,HP,1,F
1856,12,LP_HP1,LP_HP,LP,HP,0,F
2084,12,LP_HP1,LP_HP,LP,HP,1,M
2085,12,LP_HP1,LP_HP,LP,HP,1,M
2086,12,LP_HP1,LP_HP,LP,HP,1,M
2098,12,LP_HP2,LP_HP,LP,HP,1,M
2099,12,LP_HP2,LP_HP,LP,HP,1,M
2100,12,LP_HP2,LP_HP,LP,HP,1,M
2101,12,LP_HP2,LP_HP,LP,HP,1,M
2102,12,LP_HP2,LP_HP,LP,HP,1,M
155,12,LP_LP1,LP_LP,LP,LP,1,F
156,12,LP_LP1,LP_LP,LP,LP,1,F
157,12,LP_LP1,LP_LP,LP,LP,1,F
174,12,LP_LP2,LP_LP,LP,LP,1,F
175,12,LP_LP2,LP_LP,LP,LP,1,F
176,12,LP_LP2,LP_LP,LP,LP,1,F
177,12,LP_LP2,LP_LP,LP,LP,1,F
178,12,LP_LP2,LP_LP,LP,LP,1,F
179,12,LP_LP2,LP_LP,LP,LP,1,F
180,12,LP_LP2,LP_LP,LP,LP,1,F
181,12,LP_LP2,LP_LP,LP,LP,1,F
182,12,LP_LP2,LP_LP,LP,LP,1,F
183,12,LP_LP2,LP_LP,LP,LP,1,F
184,12,LP_LP2,LP_LP,LP,LP,1,F
185,12,LP_LP2,LP_LP,LP,LP,1,F
186,12,LP_LP2,LP_LP,LP,LP,1,F
2082,12,LP_LP1,LP_LP,LP,LP,1,M
2083,12,LP_LP1,LP_LP,LP,LP,1,M
2093,12,LP_LP2,LP_LP,LP,LP,1,M
2094,12,LP_LP2,LP_LP,LP,LP,1,M
2095,12,LP_LP2,LP_LP,LP,LP,1,M
2096,12,LP_LP2,LP_LP,LP,LP,1,M
2097,12,LP_LP2,LP_LP,LP,LP,1,M
3035,12,LP_LP1,LP_LP,LP,LP,0,M
3036,12,LP_LP2,LP_LP,LP,LP,0,M
219,15,HP_HP1,HP_HP,HP,HP,1,F
220,15,HP_HP1,HP_HP,HP,HP,1,F
221,15,HP_HP1,HP_HP,HP,HP,1,F
222,15,HP_HP1,HP_HP,HP,HP,1,F
258,15,HP_HP2,HP_HP,HP,HP,1,F
259,15,HP_HP2,HP_HP,HP,HP,1,F
260,15,HP_HP2,HP_HP,HP,HP,1,F
261,15,HP_HP2,HP_HP,HP,HP,1,F
262,15,HP_HP2,HP_HP,HP,HP,1,F
2107,15,HP_HP1,HP_HP,HP,HP,1,M
2108,15,HP_HP1,HP_HP,HP,HP,1,M
2109,15,HP_HP1,HP_HP,HP,HP,1,M
2117,15,HP_HP2,HP_HP,HP,HP,1,M
2118,15,HP_HP2,HP_HP,HP,HP,1,M
223,15,HP_LP1,HP_LP,HP,LP,1,F
224,15,HP_LP1,HP_LP,HP,LP,1,F
225,15,HP_LP1,HP_LP,HP,LP,1,F
226,15,HP_LP1,HP_LP,HP,LP,1,F
227,15,HP_LP1,HP_LP,HP,LP,1,F
228,15,HP_LP1,HP_LP,HP,LP,1,F
251,15,HP_LP2,HP_LP,HP,LP,1,F
252,15,HP_LP2,HP_LP,HP,LP,1,F
253,15,HP_LP2,HP_LP,HP,LP,1,F
254,15,HP_LP2,HP_LP,HP,LP,1,F
255,15,HP_LP2,HP_LP,HP,LP,1,F
256,15,HP_LP2,HP_LP,HP,LP,1,F
257,15,HP_LP2,HP_LP,HP,LP,1,F
1861,15,HP_LP2,HP_LP,HP,LP,0,F
2113,15,HP_LP2,HP_LP,HP,LP,1,M
2114,15,HP_LP2,HP_LP,HP,LP,1,M
2115,15,HP_LP2,HP_LP,HP,LP,1,M
2116,15,HP_LP2,HP_LP,HP,LP,1,M
211,15,LP_HP1,LP_HP,LP,HP,1,F
212,15,LP_HP1,LP_HP,LP,HP,1,F
213,15,LP_HP1,LP_HP,LP,HP,1,F
214,15,LP_HP1,LP_HP,LP,HP,1,F
215,15,LP_HP1,LP_HP,LP,HP,1,F
216,15,LP_HP1,LP_HP,LP,HP,1,F
217,15,LP_HP1,LP_HP,LP,HP,1,F
218,15,LP_HP1,LP_HP,LP,HP,1,F
238,15,LP_HP2,LP_HP,LP,HP,1,F
239,15,LP_HP2,LP_HP,LP,HP,1,F
240,15,LP_HP2,LP_HP,LP,HP,1,F
241,15,LP_HP2,LP_HP,LP,HP,1,F
242,15,LP_HP2,LP_HP,LP,HP,1,F
243,15,LP_HP2,LP_HP,LP,HP,1,F
244,15,LP_HP2,LP_HP,LP,HP,1,F
245,15,LP_HP2,LP_HP,LP,HP,1,F
246,15,LP_HP2,LP_HP,LP,HP,1,F
247,15,LP_HP2,LP_HP,LP,HP,1,F
248,15,LP_HP2,LP_HP,LP,HP,1,F
249,15,LP_HP2,LP_HP,LP,HP,1,F
250,15,LP_HP2,LP_HP,LP,HP,1,F
1860,15,LP_HP2,LP_HP,LP,HP,0,F
2106,15,LP_HP1,LP_HP,LP,HP,1,M
2111,15,LP_HP2,LP_HP,LP,HP,1,M
2112,15,LP_HP2,LP_HP,LP,HP,1,M
3038,15,LP_HP1,LP_HP,LP,HP,0,M
3039,15,LP_HP2,LP_HP,LP,HP,0,M
3040,15,LP_HP2,LP_HP,LP,HP,0,M
205,15,LP_LP1,LP_LP,LP,LP,1,F
206,15,LP_LP1,LP_LP,LP,LP,1,F
207,15,LP_LP1,LP_LP,LP,LP,1,F
208,15,LP_LP1,LP_LP,LP,LP,1,F
209,15,LP_LP1,LP_LP,LP,LP,1,F
210,15,LP_LP1,LP_LP,LP,LP,1,F
229,15,LP_LP2,LP_LP,LP,LP,1,F
230,15,LP_LP2,LP_LP,LP,LP,1,F
231,15,LP_LP2,LP_LP,LP,LP,1,F
232,15,LP_LP2,LP_LP,LP,LP,1,F
233,15,LP_LP2,LP_LP,LP,LP,1,F
234,15,LP_LP2,LP_LP,LP,LP,1,F
235,15,LP_LP2,LP_LP,LP,LP,1,F
236,15,LP_LP2,LP_LP,LP,LP,1,F
237,15,LP_LP2,LP_LP,LP,LP,1,F
1858,15,LP_LP1,LP_LP,LP,LP,0,F
1859,15,LP_LP2,LP_LP,LP,LP,0,F
2105,15,LP_LP1,LP_LP,LP,LP,1,M
2110,15,LP_LP2,LP_LP,LP,LP,1,M
271,17,HP_HP1,HP_HP,HP,HP,1,F
272,17,HP_HP1,HP_HP,HP,HP,1,F
273,17,HP_HP1,HP_HP,HP,HP,1,F
274,17,HP_HP1,HP_HP,HP,HP,1,F
275,17,HP_HP1,HP_HP,HP,HP,1,F
276,17,HP_HP1,HP_HP,HP,HP,1,F
277,17,HP_HP1,HP_HP,HP,HP,1,F
278,17,HP_HP1,HP_HP,HP,HP,1,F
279,17,HP_HP1,HP_HP,HP,HP,1,F
280,17,HP_HP1,HP_HP,HP,HP,1,F
281,17,HP_HP1,HP_HP,HP,HP,1,F
282,17,HP_HP1,HP_HP,HP,HP,1,F
313,17,HP_HP2,HP_HP,HP,HP,1,F
314,17,HP_HP2,HP_HP,HP,HP,1,F
315,17,HP_HP2,HP_HP,HP,HP,1,F
316,17,HP_HP2,HP_HP,HP,HP,1,F
317,17,HP_HP2,HP_HP,HP,HP,1,F
318,17,HP_HP2,HP_HP,HP,HP,1,F
319,17,HP_HP2,HP_HP,HP,HP,1,F
320,17,HP_HP2,HP_HP,HP,HP,1,F
2124,17,HP_HP1,HP_HP,HP,HP,1,M
2130,17,HP_HP2,HP_HP,HP,HP,1,M
2131,17,HP_HP2,HP_HP,HP,HP,1,M
2132,17,HP_HP2,HP_HP,HP,HP,1,M
283,17,HP_LP1,HP_LP,HP,LP,1,F
284,17,HP_LP1,HP_LP,HP,LP,1,F
285,17,HP_LP1,HP_LP,HP,LP,1,F
286,17,HP_LP1,HP_LP,HP,LP,1,F
306,17,HP_LP2,HP_LP,HP,LP,1,F
307,17,HP_LP2,HP_LP,HP,LP,1,F
308,17,HP_LP2,HP_LP,HP,LP,1,F
309,17,HP_LP2,HP_LP,HP,LP,1,F
310,17,HP_LP2,HP_LP,HP,LP,1,F
311,17,HP_LP2,HP_LP,HP,LP,1,F
312,17,HP_LP2,HP_LP,HP,LP,1,F
2125,17,HP_LP1,HP_LP,HP,LP,1,M
267,17,LP_HP1,LP_HP,LP,HP,1,F
268,17,LP_HP1,LP_HP,LP,HP,1,F
269,17,LP_HP1,LP_HP,LP,HP,1,F
270,17,LP_HP1,LP_HP,LP,HP,1,F
293,17,LP_HP2,LP_HP,LP,HP,1,F
294,17,LP_HP2,LP_HP,LP,HP,1,F
295,17,LP_HP2,LP_HP,LP,HP,1,F
296,17,LP_HP2,LP_HP,LP,HP,1,F
297,17,LP_HP2,LP_HP,LP,HP,1,F
298,17,LP_HP2,LP_HP,LP,HP,1,F
299,17,LP_HP2,LP_HP,LP,HP,1,F
300,17,LP_HP2,LP_HP,LP,HP,1,F
301,17,LP_HP2,LP_HP,LP,HP,1,F
302,17,LP_HP2,LP_HP,LP,HP,1,F
303,17,LP_HP2,LP_HP,LP,HP,1,F
304,17,LP_HP2,LP_HP,LP,HP,1,F
305,17,LP_HP2,LP_HP,LP,HP,1,F
1862,17,LP_HP1,LP_HP,LP,HP,0,F
1863,17,LP_HP2,LP_HP,LP,HP,0,F
2121,17,LP_HP1,LP_HP,LP,HP,1,M
2122,17,LP_HP1,LP_HP,LP,HP,1,M
2123,17,LP_HP1,LP_HP,LP,HP,1,M
2128,17,LP_HP2,LP_HP,LP,HP,1,M
2129,17,LP_HP2,LP_HP,LP,HP,1,M
263,17,LP_LP1,LP_LP,LP,LP,1,F
264,17,LP_LP1,LP_LP,LP,LP,1,F
265,17,LP_LP1,LP_LP,LP,LP,1,F
266,17,LP_LP1,LP_LP,LP,LP,1,F
287,17,LP_LP2,LP_LP,LP,LP,1,F
288,17,LP_LP2,LP_LP,LP,LP,1,F
289,17,LP_LP2,LP_LP,LP,LP,1,F
290,17,LP_LP2,LP_LP,LP,LP,1,F
291,17,LP_LP2,LP_LP,LP,LP,1,F
292,17,LP_LP2,LP_LP,LP,LP,1,F
2119,17,LP_LP1,LP_LP,LP,LP,1,M
2120,17,LP_LP1,LP_LP,LP,LP,1,M
2126,17,LP_LP2,LP_LP,LP,LP,1,M
2127,17,LP_LP2,LP_LP,LP,LP,1,M
333,19,HP_HP1,HP_HP,HP,HP,1,F
334,19,HP_HP1,HP_HP,HP,HP,1,F
335,19,HP_HP1,HP_HP,HP,HP,1,F
336,19,HP_HP1,HP_HP,HP,HP,1,F
337,19,HP_HP1,HP_HP,HP,HP,1,F
338,19,HP_HP1,HP_HP,HP,HP,1,F
339,19,HP_HP1,HP_HP,HP,HP,1,F
340,19,HP_HP1,HP_HP,HP,HP,1,F
341,19,HP_HP1,HP_HP,HP,HP,1,F
342,19,HP_HP1,HP_HP,HP,HP,1,F
343,19,HP_HP1,HP_HP,HP,HP,1,F
344,19,HP_HP1,HP_HP,HP,HP,1,F
345,19,HP_HP1,HP_HP,HP,HP,1,F
346,19,HP_HP1,HP_HP,HP,HP,1,F
347,19,HP_HP1,HP_HP,HP,HP,1,F
348,19,HP_HP1,HP_HP,HP,HP,1,F
349,19,HP_HP1,HP_HP,HP,HP,1,F
350,19,HP_HP1,HP_HP,HP,HP,1,F
351,19,HP_HP1,HP_HP,HP,HP,1,F
387,19,HP_HP2,HP_HP,HP,HP,1,F
388,19,HP_HP2,HP_HP,HP,HP,1,F
389,19,HP_HP2,HP_HP,HP,HP,1,F
390,19,HP_HP2,HP_HP,HP,HP,1,F
391,19,HP_HP2,HP_HP,HP,HP,1,F
392,19,HP_HP2,HP_HP,HP,HP,1,F
393,19,HP_HP2,HP_HP,HP,HP,1,F
394,19,HP_HP2,HP_HP,HP,HP,1,F
395,19,HP_HP2,HP_HP,HP,HP,1,F
2138,19,HP_HP1,HP_HP,HP,HP,1,M
2139,19,HP_HP1,HP_HP,HP,HP,1,M
2140,19,HP_HP1,HP_HP,HP,HP,1,M
2141,19,HP_HP1,HP_HP,HP,HP,1,M
2142,19,HP_HP1,HP_HP,HP,HP,1,M
2168,19,HP_HP2,HP_HP,HP,HP,1,M
2169,19,HP_HP2,HP_HP,HP,HP,1,M
2170,19,HP_HP2,HP_HP,HP,HP,1,M
2171,19,HP_HP2,HP_HP,HP,HP,1,M
2172,19,HP_HP2,HP_HP,HP,HP,1,M
2173,19,HP_HP2,HP_HP,HP,HP,1,M
352,19,HP_LP1,HP_LP,HP,LP,1,F
381,19,HP_LP2,HP_LP,HP,LP,1,F
382,19,HP_LP2,HP_LP,HP,LP,1,F
383,19,HP_LP2,HP_LP,HP,LP,1,F
384,19,HP_LP2,HP_LP,HP,LP,1,F
385,19,HP_LP2,HP_LP,HP,LP,1,F
386,19,HP_LP2,HP_LP,HP,LP,1,F
1864,19,HP_LP1,HP_LP,HP,LP,0,F
2143,19,HP_LP1,HP_LP,HP,LP,1,M
2144,19,HP_LP1,HP_LP,HP,LP,1,M
2145,19,HP_LP1,HP_LP,HP,LP,1,M
2146,19,HP_LP1,HP_LP,HP,LP,1,M
2147,19,HP_LP1,HP_LP,HP,LP,1,M
2148,19,HP_LP1,HP_LP,HP,LP,1,M
2149,19,HP_LP1,HP_LP,HP,LP,1,M
2150,19,HP_LP1,HP_LP,HP,LP,1,M
2151,19,HP_LP1,HP_LP,HP,LP,1,M
2152,19,HP_LP1,HP_LP,HP,LP,1,M
2163,19,HP_LP2,HP_LP,HP,LP,1,M
2164,19,HP_LP2,HP_LP,HP,LP,1,M
2165,19,HP_LP2,HP_LP,HP,LP,1,M
2166,19,HP_LP2,HP_LP,HP,LP,1,M
2167,19,HP_LP2,HP_LP,HP,LP,1,M
3041,19,HP_LP1,HP_LP,HP,LP,0,M
321,19,LP_HP1,LP_HP,LP,HP,1,F
322,19,LP_HP1,LP_HP,LP,HP,1,F
323,19,LP_HP1,LP_HP,LP,HP,1,F
324,19,LP_HP1,LP_HP,LP,HP,1,F
325,19,LP_HP1,LP_HP,LP,HP,1,F
326,19,LP_HP1,LP_HP,LP,HP,1,F
327,19,LP_HP1,LP_HP,LP,HP,1,F
328,19,LP_HP1,LP_HP,LP,HP,1,F
329,19,LP_HP1,LP_HP,LP,HP,1,F
330,19,LP_HP1,LP_HP,LP,HP,1,F
331,19,LP_HP1,LP_HP,LP,HP,1,F
332,19,LP_HP1,LP_HP,LP,HP,1,F
365,19,LP_HP2,LP_HP,LP,HP,1,F
366,19,LP_HP2,LP_HP,LP,HP,1,F
367,19,LP_HP2,LP_HP,LP,HP,1,F
368,19,LP_HP2,LP_HP,LP,HP,1,F
369,19,LP_HP2,LP_HP,LP,HP,1,F
370,19,LP_HP2,LP_HP,LP,HP,1,F
371,19,LP_HP2,LP_HP,LP,HP,1,F
372,19,LP_HP2,LP_HP,LP,HP,1,F
373,19,LP_HP2,LP_HP,LP,HP,1,F
374,19,LP_HP2,LP_HP,LP,HP,1,F
375,19,LP_HP2,LP_HP,LP,HP,1,F
376,19,LP_HP2,LP_HP,LP,HP,1,F
377,19,LP_HP2,LP_HP,LP,HP,1,F
378,19,LP_HP2,LP_HP,LP,HP,1,F
379,19,LP_HP2,LP_HP,LP,HP,1,F
380,19,LP_HP2,LP_HP,LP,HP,1,F
2135,19,LP_HP1,LP_HP,LP,HP,1,M
2136,19,LP_HP1,LP_HP,LP,HP,1,M
2137,19,LP_HP1,LP_HP,LP,HP,1,M
2159,19,LP_HP2,LP_HP,LP,HP,1,M
2160,19,LP_HP2,LP_HP,LP,HP,1,M
2161,19,LP_HP2,LP_HP,LP,HP,1,M
2162,19,LP_HP2,LP_HP,LP,HP,1,M
353,19,LP_LP2,LP_LP,LP,LP,1,F
354,19,LP_LP2,LP_LP,LP,LP,1,F
355,19,LP_LP2,LP_LP,LP,LP,1,F
356,19,LP_LP2,LP_LP,LP,LP,1,F
357,19,LP_LP2,LP_LP,LP,LP,1,F
358,19,LP_LP2,LP_LP,LP,LP,1,F
359,19,LP_LP2,LP_LP,LP,LP,1,F
360,19,LP_LP2,LP_LP,LP,LP,1,F
361,19,LP_LP2,LP_LP,LP,LP,1,F
362,19,LP_LP2,LP_LP,LP,LP,1,F
363,19,LP_LP2,LP_LP,LP,LP,1,F
364,19,LP_LP2,LP_LP,LP,LP,1,F
2133,19,LP_LP1,LP_LP,LP,LP,1,M
2134,19,LP_LP1,LP_LP,LP,LP,1,M
2153,19,LP_LP2,LP_LP,LP,LP,1,M
2154,19,LP_LP2,LP_LP,LP,LP,1,M
2155,19,LP_LP2,LP_LP,LP,LP,1,M
2156,19,LP_LP2,LP_LP,LP,LP,1,M
2157,19,LP_LP2,LP_LP,LP,LP,1,M
2158,19,LP_LP2,LP_LP,LP,LP,1,M
428,22,HP_HP1,HP_HP,HP,HP,1,F
429,22,HP_HP1,HP_HP,HP,HP,1,F
430,22,HP_HP1,HP_HP,HP,HP,1,F
431,22,HP_HP1,HP_HP,HP,HP,1,F
432,22,HP_HP1,HP_HP,HP,HP,1,F
433,22,HP_HP1,HP_HP,HP,HP,1,F
434,22,HP_HP1,HP_HP,HP,HP,1,F
435,22,HP_HP1,HP_HP,HP,HP,1,F
436,22,HP_HP1,HP_HP,HP,HP,1,F
437,22,HP_HP1,HP_HP,HP,HP,1,F
438,22,HP_HP1,HP_HP,HP,HP,1,F
439,22,HP_HP1,HP_HP,HP,HP,1,F
440,22,HP_HP1,HP_HP,HP,HP,1,F
441,22,HP_HP1,HP_HP,HP,HP,1,F
442,22,HP_HP1,HP_HP,HP,HP,1,F
443,22,HP_HP1,HP_HP,HP,HP,1,F
444,22,HP_HP1,HP_HP,HP,HP,1,F
445,22,HP_HP1,HP_HP,HP,HP,1,F
446,22,HP_HP1,HP_HP,HP,HP,1,F
447,22,HP_HP1,HP_HP,HP,HP,1,F
534,22,HP_HP2,HP_HP,HP,HP,1,F
535,22,HP_HP2,HP_HP,HP,HP,1,F
536,22,HP_HP2,HP_HP,HP,HP,1,F
537,22,HP_HP2,HP_HP,HP,HP,1,F
538,22,HP_HP2,HP_HP,HP,HP,1,F
539,22,HP_HP2,HP_HP,HP,HP,1,F
540,22,HP_HP2,HP_HP,HP,HP,1,F
541,22,HP_HP2,HP_HP,HP,HP,1,F
542,22,HP_HP2,HP_HP,HP,HP,1,F
543,22,HP_HP2,HP_HP,HP,HP,1,F
544,22,HP_HP2,HP_HP,HP,HP,1,F
545,22,HP_HP2,HP_HP,HP,HP,1,F
546,22,HP_HP2,HP_HP,HP,HP,1,F
547,22,HP_HP2,HP_HP,HP,HP,1,F
548,22,HP_HP2,HP_HP,HP,HP,1,F
549,22,HP_HP2,HP_HP,HP,HP,1,F
550,22,HP_HP2,HP_HP,HP,HP,1,F
551,22,HP_HP2,HP_HP,HP,HP,1,F
552,22,HP_HP2,HP_HP,HP,HP,1,F
553,22,HP_HP2,HP_HP,HP,HP,1,F
554,22,HP_HP2,HP_HP,HP,HP,1,F
555,22,HP_HP2,HP_HP,HP,HP,1,F
556,22,HP_HP2,HP_HP,HP,HP,1,F
557,22,HP_HP2,HP_HP,HP,HP,1,F
558,22,HP_HP2,HP_HP,HP,HP,1,F
559,22,HP_HP2,HP_HP,HP,HP,1,F
560,22,HP_HP2,HP_HP,HP,HP,1,F
561,22,HP_HP2,HP_HP,HP,HP,1,F
562,22,HP_HP2,HP_HP,HP,HP,1,F
2179,22,HP_HP1,HP_HP,HP,HP,1,M
2180,22,HP_HP1,HP_HP,HP,HP,1,M
2181,22,HP_HP1,HP_HP,HP,HP,1,M
2182,22,HP_HP1,HP_HP,HP,HP,1,M
2183,22,HP_HP1,HP_HP,HP,HP,1,M
2219,22,HP_HP2,HP_HP,HP,HP,1,M
2220,22,HP_HP2,HP_HP,HP,HP,1,M
2221,22,HP_HP2,HP_HP,HP,HP,1,M
2222,22,HP_HP2,HP_HP,HP,HP,1,M
2223,22,HP_HP2,HP_HP,HP,HP,1,M
2224,22,HP_HP2,HP_HP,HP,HP,1,M
448,22,HP_LP1,HP_LP,HP,LP,1,F
449,22,HP_LP1,HP_LP,HP,LP,1,F
450,22,HP_LP1,HP_LP,HP,LP,1,F
451,22,HP_LP1,HP_LP,HP,LP,1,F
452,22,HP_LP1,HP_LP,HP,LP,1,F
453,22,HP_LP1,HP_LP,HP,LP,1,F
454,22,HP_LP1,HP_LP,HP,LP,1,F
516,22,HP_LP2,HP_LP,HP,LP,1,F
517,22,HP_LP2,HP_LP,HP,LP,1,F
518,22,HP_LP2,HP_LP,HP,LP,1,F
519,22,HP_LP2,HP_LP,HP,LP,1,F
520,22,HP_LP2,HP_LP,HP,LP,1,F
521,22,HP_LP2,HP_LP,HP,LP,1,F
522,22,HP_LP2,HP_LP,HP,LP,1,F
523,22,HP_LP2,HP_LP,HP,LP,1,F
524,22,HP_LP2,HP_LP,HP,LP,1,F
525,22,HP_LP2,HP_LP,HP,LP,1,F
526,22,HP_LP2,HP_LP,HP,LP,1,F
527,22,HP_LP2,HP_LP,HP,LP,1,F
528,22,HP_LP2,HP_LP,HP,LP,1,F
529,22,HP_LP2,HP_LP,HP,LP,1,F
530,22,HP_LP2,HP_LP,HP,LP,1,F
531,22,HP_LP2,HP_LP,HP,LP,1,F
532,22,HP_LP2,HP_LP,HP,LP,1,F
533,22,HP_LP2,HP_LP,HP,LP,1,F
1865,22,HP_LP1,HP_LP,HP,LP,0,F
2184,22,HP_LP1,HP_LP,HP,LP,1,M
2185,22,HP_LP1,HP_LP,HP,LP,1,M
2186,22,HP_LP1,HP_LP,HP,LP,1,M
2187,22,HP_LP1,HP_LP,HP,LP,1,M
2188,22,HP_LP1,HP_LP,HP,LP,1,M
2189,22,HP_LP1,HP_LP,HP,LP,1,M
2190,22,HP_LP1,HP_LP,HP,LP,1,M
2191,22,HP_LP1,HP_LP,HP,LP,1,M
2192,22,HP_LP1,HP_LP,HP,LP,1,M
2193,22,HP_LP1,HP_LP,HP,LP,1,M
2194,22,HP_LP1,HP_LP,HP,LP,1,M
2195,22,HP_LP1,HP_LP,HP,LP,1,M
2196,22,HP_LP1,HP_LP,HP,LP,1,M
2197,22,HP_LP1,HP_LP,HP,LP,1,M
2198,22,HP_LP1,HP_LP,HP,LP,1,M
2199,22,HP_LP1,HP_LP,HP,LP,1,M
2200,22,HP_LP1,HP_LP,HP,LP,1,M
2201,22,HP_LP1,HP_LP,HP,LP,1,M
2202,22,HP_LP1,HP_LP,HP,LP,1,M
2203,22,HP_LP1,HP_LP,HP,LP,1,M
2214,22,HP_LP2,HP_LP,HP,LP,1,M
2215,22,HP_LP2,HP_LP,HP,LP,1,M
2216,22,HP_LP2,HP_LP,HP,LP,1,M
2217,22,HP_LP2,HP_LP,HP,LP,1,M
2218,22,HP_LP2,HP_LP,HP,LP,1,M
408,22,LP_HP1,LP_HP,LP,HP,1,F
409,22,LP_HP1,LP_HP,LP,HP,1,F
410,22,LP_HP1,LP_HP,LP,HP,1,F
411,22,LP_HP1,LP_HP,LP,HP,1,F
412,22,LP_HP1,LP_HP,LP,HP,1,F
413,22,LP_HP1,LP_HP,LP,HP,1,F
414,22,LP_HP1,LP_HP,LP,HP,1,F
415,22,LP_HP1,LP_HP,LP,HP,1,F
416,22,LP_HP1,LP_HP,LP,HP,1,F
417,22,LP_HP1,LP_HP,LP,HP,1,F
418,22,LP_HP1,LP_HP,LP,HP,1,F
419,22,LP_HP1,LP_HP,LP,HP,1,F
420,22,LP_HP1,LP_HP,LP,HP,1,F
421,22,LP_HP1,LP_HP,LP,HP,1,F
422,22,LP_HP1,LP_HP,LP,HP,1,F
423,22,LP_HP1,LP_HP,LP,HP,1,F
424,22,LP_HP1,LP_HP,LP,HP,1,F
425,22,LP_HP1,LP_HP,LP,HP,1,F
426,22,LP_HP1,LP_HP,LP,HP,1,F
427,22,LP_HP1,LP_HP,LP,HP,1,F
488,22,LP_HP2,LP_HP,LP,HP,1,F
489,22,LP_HP2,LP_HP,LP,HP,1,F
490,22,LP_HP2,LP_HP,LP,HP,1,F
491,22,LP_HP2,LP_HP,LP,HP,1,F
492,22,LP_HP2,LP_HP,LP,HP,1,F
493,22,LP_HP2,LP_HP,LP,HP,1,F
494,22,LP_HP2,LP_HP,LP,HP,1,F
495,22,LP_HP2,LP_HP,LP,HP,1,F
496,22,LP_HP2,LP_HP,LP,HP,1,F
497,22,LP_HP2,LP_HP,LP,HP,1,F
498,22,LP_HP2,LP_HP,LP,HP,1,F
499,22,LP_HP2,LP_HP,LP,HP,1,F
500,22,LP_HP2,LP_HP,LP,HP,1,F
501,22,LP_HP2,LP_HP,LP,HP,1,F
502,22,LP_HP2,LP_HP,LP,HP,1,F
503,22,LP_HP2,LP_HP,LP,HP,1,F
504,22,LP_HP2,LP_HP,LP,HP,1,F
505,22,LP_HP2,LP_HP,LP,HP,1,F
506,22,LP_HP2,LP_HP,LP,HP,1,F
507,22,LP_HP2,LP_HP,LP,HP,1,F
508,22,LP_HP2,LP_HP,LP,HP,1,F
509,22,LP_HP2,LP_HP,LP,HP,1,F
510,22,LP_HP2,LP_HP,LP,HP,1,F
511,22,LP_HP2,LP_HP,LP,HP,1,F
512,22,LP_HP2,LP_HP,LP,HP,1,F
513,22,LP_HP2,LP_HP,LP,HP,1,F
514,22,LP_HP2,LP_HP,LP,HP,1,F
515,22,LP_HP2,LP_HP,LP,HP,1,F
2176,22,LP_HP1,LP_HP,LP,HP,1,M
2177,22,LP_HP1,LP_HP,LP,HP,1,M
2178,22,LP_HP1,LP_HP,LP,HP,1,M
2210,22,LP_HP2,LP_HP,LP,HP,1,M
2211,22,LP_HP2,LP_HP,LP,HP,1,M
2212,22,LP_HP2,LP_HP,LP,HP,1,M
2213,22,LP_HP2,LP_HP,LP,HP,1,M
396,22,LP_LP1,LP_LP,LP,LP,1,F
397,22,LP_LP1,LP_LP,LP,LP,1,F
398,22,LP_LP1,LP_LP,LP,LP,1,F
399,22,LP_LP1,LP_LP,LP,LP,1,F
400,22,LP_LP1,LP_LP,LP,LP,1,F
401,22,LP_LP1,LP_LP,LP,LP,1,F
402,22,LP_LP1,LP_LP,LP,LP,1,F
403,22,LP_LP1,LP_LP,LP,LP,1,F
404,22,LP_LP1,LP_LP,LP,LP,1,F
405,22,LP_LP1,LP_LP,LP,LP,1,F
406,22,LP_LP1,LP_LP,LP,LP,1,F
407,22,LP_LP1,LP_LP,LP,LP,1,F
455,22,LP_LP2,LP_LP,LP,LP,1,F
456,22,LP_LP2,LP_LP,LP,LP,1,F
457,22,LP_LP2,LP_LP,LP,LP,1,F
458,22,LP_LP2,LP_LP,LP,LP,1,F
459,22,LP_LP2,LP_LP,LP,LP,1,F
460,22,LP_LP2,LP_LP,LP,LP,1,F
461,22,LP_LP2,LP_LP,LP,LP,1,F
462,22,LP_LP2,LP_LP,LP,LP,1,F
463,22,LP_LP2,LP_LP,LP,LP,1,F
464,22,LP_LP2,LP_LP,LP,LP,1,F
465,22,LP_LP2,LP_LP,LP,LP,1,F
466,22,LP_LP2,LP_LP,LP,LP,1,F
467,22,LP_LP2,LP_LP,LP,LP,1,F
468,22,LP_LP2,LP_LP,LP,LP,1,F
469,22,LP_LP2,LP_LP,LP,LP,1,F
470,22,LP_LP2,LP_LP,LP,LP,1,F
471,22,LP_LP2,LP_LP,LP,LP,1,F
472,22,LP_LP2,LP_LP,LP,LP,1,F
473,22,LP_LP2,LP_LP,LP,LP,1,F
474,22,LP_LP2,LP_LP,LP,LP,1,F
475,22,LP_LP2,LP_LP,LP,LP,1,F
476,22,LP_LP2,LP_LP,LP,LP,1,F
477,22,LP_LP2,LP_LP,LP,LP,1,F
478,22,LP_LP2,LP_LP,LP,LP,1,F
479,22,LP_LP2,LP_LP,LP,LP,1,F
480,22,LP_LP2,LP_LP,LP,LP,1,F
481,22,LP_LP2,LP_LP,LP,LP,1,F
482,22,LP_LP2,LP_LP,LP,LP,1,F
483,22,LP_LP2,LP_LP,LP,LP,1,F
484,22,LP_LP2,LP_LP,LP,LP,1,F
485,22,LP_LP2,LP_LP,LP,LP,1,F
486,22,LP_LP2,LP_LP,LP,LP,1,F
487,22,LP_LP2,LP_LP,LP,LP,1,F
2174,22,LP_LP1,LP_LP,LP,LP,1,M
2175,22,LP_LP1,LP_LP,LP,LP,1,M
2204,22,LP_LP2,LP_LP,LP,LP,1,M
2205,22,LP_LP2,LP_LP,LP,LP,1,M
2206,22,LP_LP2,LP_LP,LP,LP,1,M
2207,22,LP_LP2,LP_LP,LP,LP,1,M
2208,22,LP_LP2,LP_LP,LP,LP,1,M
2209,22,LP_LP2,LP_LP,LP,LP,1,M
582,24,HP_HP1,HP_HP,HP,HP,1,F
583,24,HP_HP1,HP_HP,HP,HP,1,F
584,24,HP_HP1,HP_HP,HP,HP,1,F
585,24,HP_HP1,HP_HP,HP,HP,1,F
586,24,HP_HP1,HP_HP,HP,HP,1,F
587,24,HP_HP1,HP_HP,HP,HP,1,F
588,24,HP_HP1,HP_HP,HP,HP,1,F
589,24,HP_HP1,HP_HP,HP,HP,1,F
651,24,HP_HP2,HP_HP,HP,HP,1,F
652,24,HP_HP2,HP_HP,HP,HP,1,F
653,24,HP_HP2,HP_HP,HP,HP,1,F
654,24,HP_HP2,HP_HP,HP,HP,1,F
655,24,HP_HP2,HP_HP,HP,HP,1,F
656,24,HP_HP2,HP_HP,HP,HP,1,F
657,24,HP_HP2,HP_HP,HP,HP,1,F
658,24,HP_HP2,HP_HP,HP,HP,1,F
659,24,HP_HP2,HP_HP,HP,HP,1,F
660,24,HP_HP2,HP_HP,HP,HP,1,F
661,24,HP_HP2,HP_HP,HP,HP,1,F
662,24,HP_HP2,HP_HP,HP,HP,1,F
663,24,HP_HP2,HP_HP,HP,HP,1,F
664,24,HP_HP2,HP_HP,HP,HP,1,F
665,24,HP_HP2,HP_HP,HP,HP,1,F
666,24,HP_HP2,HP_HP,HP,HP,1,F
667,24,HP_HP2,HP_HP,HP,HP,1,F
668,24,HP_HP2,HP_HP,HP,HP,1,F
669,24,HP_HP2,HP_HP,HP,HP,1,F
1866,24,HP_HP1,HP_HP,HP,HP,0,F
2227,24,HP_HP1,HP_HP,HP,HP,1,M
2228,24,HP_HP1,HP_HP,HP,HP,1,M
2233,24,HP_HP2,HP_HP,HP,HP,1,M
590,24,HP_LP1,HP_LP,HP,LP,1,F
591,24,HP_LP1,HP_LP,HP,LP,1,F
592,24,HP_LP1,HP_LP,HP,LP,1,F
593,24,HP_LP1,HP_LP,HP,LP,1,F
594,24,HP_LP1,HP_LP,HP,LP,1,F
595,24,HP_LP1,HP_LP,HP,LP,1,F
596,24,HP_LP1,HP_LP,HP,LP,1,F
597,24,HP_LP1,HP_LP,HP,LP,1,F
598,24,HP_LP1,HP_LP,HP,LP,1,F
599,24,HP_LP1,HP_LP,HP,LP,1,F
600,24,HP_LP1,HP_LP,HP,LP,1,F
601,24,HP_LP1,HP_LP,HP,LP,1,F
602,24,HP_LP1,HP_LP,HP,LP,1,F
603,24,HP_LP1,HP_LP,HP,LP,1,F
604,24,HP_LP1,HP_LP,HP,LP,1,F
645,24,HP_LP2,HP_LP,HP,LP,1,F
646,24,HP_LP2,HP_LP,HP,LP,1,F
647,24,HP_LP2,HP_LP,HP,LP,1,F
648,24,HP_LP2,HP_LP,HP,LP,1,F
649,24,HP_LP2,HP_LP,HP,LP,1,F
650,24,HP_LP2,HP_LP,HP,LP,1,F
2229,24,HP_LP1,HP_LP,HP,LP,1,M
2230,24,HP_LP1,HP_LP,HP,LP,1,M
2231,24,HP_LP1,HP_LP,HP,LP,1,M
568,24,LP_HP1,LP_HP,LP,HP,1,F
569,24,LP_HP1,LP_HP,LP,HP,1,F
570,24,LP_HP1,LP_HP,LP,HP,1,F
571,24,LP_HP1,LP_HP,LP,HP,1,F
572,24,LP_HP1,LP_HP,LP,HP,1,F
573,24,LP_HP1,LP_HP,LP,HP,1,F
574,24,LP_HP1,LP_HP,LP,HP,1,F
575,24,LP_HP1,LP_HP,LP,HP,1,F
576,24,LP_HP1,LP_HP,LP,HP,1,F
577,24,LP_HP1,LP_HP,LP,HP,1,F
578,24,LP_HP1,LP_HP,LP,HP,1,F
579,24,LP_HP1,LP_HP,LP,HP,1,F
580,24,LP_HP1,LP_HP,LP,HP,1,F
581,24,LP_HP1,LP_HP,LP,HP,1,F
626,24,LP_HP2,LP_HP,LP,HP,1,F
627,24,LP_HP2,LP_HP,LP,HP,1,F
628,24,LP_HP2,LP_HP,LP,HP,1,F
629,24,LP_HP2,LP_HP,LP,HP,1,F
630,24,LP_HP2,LP_HP,LP,HP,1,F
631,24,LP_HP2,LP_HP,LP,HP,1,F
632,24,LP_HP2,LP_HP,LP,HP,1,F
633,24,LP_HP2,LP_HP,LP,HP,1,F
634,24,LP_HP2,LP_HP,LP,HP,1,F
635,24,LP_HP2,LP_HP,LP,HP,1,F
636,24,LP_HP2,LP_HP,LP,HP,1,F
637,24,LP_HP2,LP_HP,LP,HP,1,F
638,24,LP_HP2,LP_HP,LP,HP,1,F
639,24,LP_HP2,LP_HP,LP,HP,1,F
640,24,LP_HP2,LP_HP,LP,HP,1,F
641,24,LP_HP2,LP_HP,LP,HP,1,F
642,24,LP_HP2,LP_HP,LP,HP,1,F
643,24,LP_HP2,LP_HP,LP,HP,1,F
644,24,LP_HP2,LP_HP,LP,HP,1,F
563,24,LP_LP1,LP_LP,LP,LP,1,F
564,24,LP_LP1,LP_LP,LP,LP,1,F
565,24,LP_LP1,LP_LP,LP,LP,1,F
566,24,LP_LP1,LP_LP,LP,LP,1,F
567,24,LP_LP1,LP_LP,LP,LP,1,F
605,24,LP_LP2,LP_LP,LP,LP,1,F
606,24,LP_LP2,LP_LP,LP,LP,1,F
607,24,LP_LP2,LP_LP,LP,LP,1,F
608,24,LP_LP2,LP_LP,LP,LP,1,F
609,24,LP_LP2,LP_LP,LP,LP,1,F
610,24,LP_LP2,LP_LP,LP,LP,1,F
611,24,LP_LP2,LP_LP,LP,LP,1,F
612,24,LP_LP2,LP_LP,LP,LP,1,F
613,24,LP_LP2,LP_LP,LP,LP,1,F
614,24,LP_LP2,LP_LP,LP,LP,1,F
615,24,LP_LP2,LP_LP,LP,LP,1,F
616,24,LP_LP2,LP_LP,LP,LP,1,F
617,24,LP_LP2,LP_LP,LP,LP,1,F
618,24,LP_LP2,LP_LP,LP,LP,1,F
619,24,LP_LP2,LP_LP,LP,LP,1,F
620,24,LP_LP2,LP_LP,LP,LP,1,F
621,24,LP_LP2,LP_LP,LP,LP,1,F
622,24,LP_LP2,LP_LP,LP,LP,1,F
623,24,LP_LP2,LP_LP,LP,LP,1,F
624,24,LP_LP2,LP_LP,LP,LP,1,F
625,24,LP_LP2,LP_LP,LP,LP,1,F
2225,24,LP_LP1,LP_LP,LP,LP,1,M
2226,24,LP_LP1,LP_LP,LP,LP,1,M
2232,24,LP_LP2,LP_LP,LP,LP,1,M
685,26,HP_HP1,HP_HP,HP,HP,1,F
686,26,HP_HP1,HP_HP,HP,HP,1,F
687,26,HP_HP1,HP_HP,HP,HP,1,F
688,26,HP_HP1,HP_HP,HP,HP,1,F
689,26,HP_HP1,HP_HP,HP,HP,1,F
690,26,HP_HP1,HP_HP,HP,HP,1,F
691,26,HP_HP1,HP_HP,HP,HP,1,F
692,26,HP_HP1,HP_HP,HP,HP,1,F
693,26,HP_HP1,HP_HP,HP,HP,1,F
694,26,HP_HP1,HP_HP,HP,HP,1,F
695,26,HP_HP1,HP_HP,HP,HP,1,F
730,26,HP_HP2,HP_HP,HP,HP,1,F
731,26,HP_HP2,HP_HP,HP,HP,1,F
732,26,HP_HP2,HP_HP,HP,HP,1,F
733,26,HP_HP2,HP_HP,HP,HP,1,F
734,26,HP_HP2,HP_HP,HP,HP,1,F
735,26,HP_HP2,HP_HP,HP,HP,1,F
736,26,HP_HP2,HP_HP,HP,HP,1,F
737,26,HP_HP2,HP_HP,HP,HP,1,F
738,26,HP_HP2,HP_HP,HP,HP,1,F
739,26,HP_HP2,HP_HP,HP,HP,1,F
740,26,HP_HP2,HP_HP,HP,HP,1,F
741,26,HP_HP2,HP_HP,HP,HP,1,F
742,26,HP_HP2,HP_HP,HP,HP,1,F
743,26,HP_HP2,HP_HP,HP,HP,1,F
744,26,HP_HP2,HP_HP,HP,HP,1,F
745,26,HP_HP2,HP_HP,HP,HP,1,F
746,26,HP_HP2,HP_HP,HP,HP,1,F
747,26,HP_HP2,HP_HP,HP,HP,1,F
2234,26,HP_HP1,HP_HP,HP,HP,1,M
2235,26,HP_HP1,HP_HP,HP,HP,1,M
2246,26,HP_HP2,HP_HP,HP,HP,1,M
2247,26,HP_HP2,HP_HP,HP,HP,1,M
2248,26,HP_HP2,HP_HP,HP,HP,1,M
3043,26,HP_HP2,HP_HP,HP,HP,0,M
696,26,HP_LP1,HP_LP,HP,LP,1,F
697,26,HP_LP1,HP_LP,HP,LP,1,F
698,26,HP_LP1,HP_LP,HP,LP,1,F
699,26,HP_LP1,HP_LP,HP,LP,1,F
700,26,HP_LP1,HP_LP,HP,LP,1,F
701,26,HP_LP1,HP_LP,HP,LP,1,F
702,26,HP_LP1,HP_LP,HP,LP,1,F
703,26,HP_LP1,HP_LP,HP,LP,1,F
727,26,HP_LP2,HP_LP,HP,LP,1,F
728,26,HP_LP2,HP_LP,HP,LP,1,F
729,26,HP_LP2,HP_LP,HP,LP,1,F
1867,26,HP_LP2,HP_LP,HP,LP,0,F
2245,26,HP_LP2,HP_LP,HP,LP,1,M
3042,26,HP_LP1,HP_LP,HP,LP,0,M
678,26,LP_HP1,LP_HP,LP,HP,1,F
679,26,LP_HP1,LP_HP,LP,HP,1,F
680,26,LP_HP1,LP_HP,LP,HP,1,F
681,26,LP_HP1,LP_HP,LP,HP,1,F
682,26,LP_HP1,LP_HP,LP,HP,1,F
683,26,LP_HP1,LP_HP,LP,HP,1,F
684,26,LP_HP1,LP_HP,LP,HP,1,F
714,26,LP_HP2,LP_HP,LP,HP,1,F
715,26,LP_HP2,LP_HP,LP,HP,1,F
716,26,LP_HP2,LP_HP,LP,HP,1,F
717,26,LP_HP2,LP_HP,LP,HP,1,F
718,26,LP_HP2,LP_HP,LP,HP,1,F
719,26,LP_HP2,LP_HP,LP,HP,1,F
720,26,LP_HP2,LP_HP,LP,HP,1,F
721,26,LP_HP2,LP_HP,LP,HP,1,F
722,26,LP_HP2,LP_HP,LP,HP,1,F
723,26,LP_HP2,LP_HP,LP,HP,1,F
724,26,LP_HP2,LP_HP,LP,HP,1,F
725,26,LP_HP2,LP_HP,LP,HP,1,F
726,26,LP_HP2,LP_HP,LP,HP,1,F
2241,26,LP_HP2,LP_HP,LP,HP,1,M
2242,26,LP_HP2,LP_HP,LP,HP,1,M
2243,26,LP_HP2,LP_HP,LP,HP,1,M
2244,26,LP_HP2,LP_HP,LP,HP,1,M
670,26,LP_LP1,LP_LP,LP,LP,1,F
671,26,LP_LP1,LP_LP,LP,LP,1,F
672,26,LP_LP1,LP_LP,LP,LP,1,F
673,26,LP_LP1,LP_LP,LP,LP,1,F
674,26,LP_LP1,LP_LP,LP,LP,1,F
675,26,LP_LP1,LP_LP,LP,LP,1,F
676,26,LP_LP1,LP_LP,LP,LP,1,F
677,26,LP_LP1,LP_LP,LP,LP,1,F
704,26,LP_LP2,LP_LP,LP,LP,1,F
705,26,LP_LP2,LP_LP,LP,LP,1,F
706,26,LP_LP2,LP_LP,LP,LP,1,F
707,26,LP_LP2,LP_LP,LP,LP,1,F
708,26,LP_LP2,LP_LP,LP,LP,1,F
709,26,LP_LP2,LP_LP,LP,LP,1,F
710,26,LP_LP2,LP_LP,LP,LP,1,F
711,26,LP_LP2,LP_LP,LP,LP,1,F
712,26,LP_LP2,LP_LP,LP,LP,1,F
713,26,LP_LP2,LP_LP,LP,LP,1,F
2236,26,LP_LP2,LP_LP,LP,LP,1,M
2237,26,LP_LP2,LP_LP,LP,LP,1,M
2238,26,LP_LP2,LP_LP,LP,LP,1,M
2239,26,LP_LP2,LP_LP,LP,LP,1,M
2240,26,LP_LP2,LP_LP,LP,LP,1,M
765,29,HP_HP1,HP_HP,HP,HP,1,F
766,29,HP_HP1,HP_HP,HP,HP,1,F
767,29,HP_HP1,HP_HP,HP,HP,1,F
768,29,HP_HP1,HP_HP,HP,HP,1,F
769,29,HP_HP1,HP_HP,HP,HP,1,F
770,29,HP_HP1,HP_HP,HP,HP,1,F
849,29,HP_HP2,HP_HP,HP,HP,1,F
850,29,HP_HP2,HP_HP,HP,HP,1,F
851,29,HP_HP2,HP_HP,HP,HP,1,F
852,29,HP_HP2,HP_HP,HP,HP,1,F
853,29,HP_HP2,HP_HP,HP,HP,1,F
854,29,HP_HP2,HP_HP,HP,HP,1,F
855,29,HP_HP2,HP_HP,HP,HP,1,F
856,29,HP_HP2,HP_HP,HP,HP,1,F
857,29,HP_HP2,HP_HP,HP,HP,1,F
858,29,HP_HP2,HP_HP,HP,HP,1,F
859,29,HP_HP2,HP_HP,HP,HP,1,F
860,29,HP_HP2,HP_HP,HP,HP,1,F
861,29,HP_HP2,HP_HP,HP,HP,1,F
862,29,HP_HP2,HP_HP,HP,HP,1,F
863,29,HP_HP2,HP_HP,HP,HP,1,F
864,29,HP_HP2,HP_HP,HP,HP,1,F
865,29,HP_HP2,HP_HP,HP,HP,1,F
866,29,HP_HP2,HP_HP,HP,HP,1,F
867,29,HP_HP2,HP_HP,HP,HP,1,F
868,29,HP_HP2,HP_HP,HP,HP,1,F
869,29,HP_HP2,HP_HP,HP,HP,1,F
870,29,HP_HP2,HP_HP,HP,HP,1,F
2255,29,HP_HP1,HP_HP,HP,HP,1,M
2256,29,HP_HP1,HP_HP,HP,HP,1,M
2278,29,HP_HP2,HP_HP,HP,HP,1,M
2279,29,HP_HP2,HP_HP,HP,HP,1,M
2280,29,HP_HP2,HP_HP,HP,HP,1,M
2281,29,HP_HP2,HP_HP,HP,HP,1,M
2282,29,HP_HP2,HP_HP,HP,HP,1,M
3044,29,HP_HP1,HP_HP,HP,HP,0,M
771,29,HP_LP1,HP_LP,HP,LP,1,F
772,29,HP_LP1,HP_LP,HP,LP,1,F
773,29,HP_LP1,HP_LP,HP,LP,1,F
774,29,HP_LP1,HP_LP,HP,LP,1,F
775,29,HP_LP1,HP_LP,HP,LP,1,F
776,29,HP_LP1,HP_LP,HP,LP,1,F
777,29,HP_LP1,HP_LP,HP,LP,1,F
839,29,HP_LP2,HP_LP,HP,LP,1,F
840,29,HP_LP2,HP_LP,HP,LP,1,F
841,29,HP_LP2,HP_LP,HP,LP,1,F
842,29,HP_LP2,HP_LP,HP,LP,1,F
843,29,HP_LP2,HP_LP,HP,LP,1,F
844,29,HP_LP2,HP_LP,HP,LP,1,F
845,29,HP_LP2,HP_LP,HP,LP,1,F
846,29,HP_LP2,HP_LP,HP,LP,1,F
847,29,HP_LP2,HP_LP,HP,LP,1,F
848,29,HP_LP2,HP_LP,HP,LP,1,F
1869,29,HP_LP1,HP_LP,HP,LP,0,F
2257,29,HP_LP1,HP_LP,HP,LP,1,M
2258,29,HP_LP1,HP_LP,HP,LP,1,M
2259,29,HP_LP1,HP_LP,HP,LP,1,M
2260,29,HP_LP1,HP_LP,HP,LP,1,M
2261,29,HP_LP1,HP_LP,HP,LP,1,M
2262,29,HP_LP1,HP_LP,HP,LP,1,M
2263,29,HP_LP1,HP_LP,HP,LP,1,M
2275,29,HP_LP2,HP_LP,HP,LP,1,M
2276,29,HP_LP2,HP_LP,HP,LP,1,M
2277,29,HP_LP2,HP_LP,HP,LP,1,M
753,29,LP_HP1,LP_HP,LP,HP,1,F
754,29,LP_HP1,LP_HP,LP,HP,1,F
755,29,LP_HP1,LP_HP,LP,HP,1,F
756,29,LP_HP1,LP_HP,LP,HP,1,F
757,29,LP_HP1,LP_HP,LP,HP,1,F
758,29,LP_HP1,LP_HP,LP,HP,1,F
759,29,LP_HP1,LP_HP,LP,HP,1,F
760,29,LP_HP1,LP_HP,LP,HP,1,F
761,29,LP_HP1,LP_HP,LP,HP,1,F
762,29,LP_HP1,LP_HP,LP,HP,1,F
763,29,LP_HP1,LP_HP,LP,HP,1,F
764,29,LP_HP1,LP_HP,LP,HP,1,F
794,29,LP_HP2,LP_HP,LP,HP,1,F
795,29,LP_HP2,LP_HP,LP,HP,1,F
796,29,LP_HP2,LP_HP,LP,HP,1,F
797,29,LP_HP2,LP_HP,LP,HP,1,F
798,29,LP_HP2,LP_HP,LP,HP,1,F
799,29,LP_HP2,LP_HP,LP,HP,1,F
800,29,LP_HP2,LP_HP,LP,HP,1,F
801,29,LP_HP2,LP_HP,LP,HP,1,F
802,29,LP_HP2,LP_HP,LP,HP,1,F
803,29,LP_HP2,LP_HP,LP,HP,1,F
804,29,LP_HP2,LP_HP,LP,HP,1,F
805,29,LP_HP2,LP_HP,LP,HP,1,F
806,29,LP_HP2,LP_HP,LP,HP,1,F
807,29,LP_HP2,LP_HP,LP,HP,1,F
808,29,LP_HP2,LP_HP,LP,HP,1,F
809,29,LP_HP2,LP_HP,LP,HP,1,F
810,29,LP_HP2,LP_HP,LP,HP,1,F
811,29,LP_HP2,LP_HP,LP,HP,1,F
812,29,LP_HP2,LP_HP,LP,HP,1,F
813,29,LP_HP2,LP_HP,LP,HP,1,F
814,29,LP_HP2,LP_HP,LP,HP,1,F
815,29,LP_HP2,LP_HP,LP,HP,1,F
816,29,LP_HP2,LP_HP,LP,HP,1,F
817,29,LP_HP2,LP_HP,LP,HP,1,F
818,29,LP_HP2,LP_HP,LP,HP,1,F
819,29,LP_HP2,LP_HP,LP,HP,1,F
820,29,LP_HP2,LP_HP,LP,HP,1,F
821,29,LP_HP2,LP_HP,LP,HP,1,F
822,29,LP_HP2,LP_HP,LP,HP,1,F
823,29,LP_HP2,LP_HP,LP,HP,1,F
824,29,LP_HP2,LP_HP,LP,HP,1,F
825,29,LP_HP2,LP_HP,LP,HP,1,F
826,29,LP_HP2,LP_HP,LP,HP,1,F
827,29,LP_HP2,LP_HP,LP,HP,1,F
828,29,LP_HP2,LP_HP,LP,HP,1,F
829,29,LP_HP2,LP_HP,LP,HP,1,F
830,29,LP_HP2,LP_HP,LP,HP,1,F
831,29,LP_HP2,LP_HP,LP,HP,1,F
832,29,LP_HP2,LP_HP,LP,HP,1,F
833,29,LP_HP2,LP_HP,LP,HP,1,F
834,29,LP_HP2,LP_HP,LP,HP,1,F
835,29,LP_HP2,LP_HP,LP,HP,1,F
836,29,LP_HP2,LP_HP,LP,HP,1,F
837,29,LP_HP2,LP_HP,LP,HP,1,F
838,29,LP_HP2,LP_HP,LP,HP,1,F
2251,29,LP_HP1,LP_HP,LP,HP,1,M
2252,29,LP_HP1,LP_HP,LP,HP,1,M
2253,29,LP_HP1,LP_HP,LP,HP,1,M
2254,29,LP_HP1,LP_HP,LP,HP,1,M
2270,29,LP_HP2,LP_HP,LP,HP,1,M
2271,29,LP_HP2,LP_HP,LP,HP,1,M
2272,29,LP_HP2,LP_HP,LP,HP,1,M
2273,29,LP_HP2,LP_HP,LP,HP,1,M
2274,29,LP_HP2,LP_HP,LP,HP,1,M
748,29,LP_LP1,LP_LP,LP,LP,1,F
749,29,LP_LP1,LP_LP,LP,LP,1,F
750,29,LP_LP1,LP_LP,LP,LP,1,F
751,29,LP_LP1,LP_LP,LP,LP,1,F
752,29,LP_LP1,LP_LP,LP,LP,1,F
778,29,LP_LP2,LP_LP,LP,LP,1,F
779,29,LP_LP2,LP_LP,LP,LP,1,F
780,29,LP_LP2,LP_LP,LP,LP,1,F
781,29,LP_LP2,LP_LP,LP,LP,1,F
782,29,LP_LP2,LP_LP,LP,LP,1,F
783,29,LP_LP2,LP_LP,LP,LP,1,F
784,29,LP_LP2,LP_LP,LP,LP,1,F
785,29,LP_LP2,LP_LP,LP,LP,1,F
786,29,LP_LP2,LP_LP,LP,LP,1,F
787,29,LP_LP2,LP_LP,LP,LP,1,F
788,29,LP_LP2,LP_LP,LP,LP,1,F
789,29,LP_LP2,LP_LP,LP,LP,1,F
790,29,LP_LP2,LP_LP,LP,LP,1,F
791,29,LP_LP2,LP_LP,LP,LP,1,F
792,29,LP_LP2,LP_LP,LP,LP,1,F
793,29,LP_LP2,LP_LP,LP,LP,1,F
1868,29,LP_LP1,LP_LP,LP,LP,0,F
1870,29,LP_LP2,LP_LP,LP,LP,0,F
2249,29,LP_LP1,LP_LP,LP,LP,1,M
2250,29,LP_LP1,LP_LP,LP,LP,1,M
2264,29,LP_LP2,LP_LP,LP,LP,1,M
2265,29,LP_LP2,LP_LP,LP,LP,1,M
2266,29,LP_LP2,LP_LP,LP,LP,1,M
2267,29,LP_LP2,LP_LP,LP,LP,1,M
2268,29,LP_LP2,LP_LP,LP,LP,1,M
2269,29,LP_LP2,LP_LP,LP,LP,1,M
877,31,HP_HP1,HP_HP,HP,HP,1,F
878,31,HP_HP1,HP_HP,HP,HP,1,F
879,31,HP_HP1,HP_HP,HP,HP,1,F
880,31,HP_HP1,HP_HP,HP,HP,1,F
881,31,HP_HP1,HP_HP,HP,HP,1,F
934,31,HP_HP2,HP_HP,HP,HP,1,F
935,31,HP_HP2,HP_HP,HP,HP,1,F
936,31,HP_HP2,HP_HP,HP,HP,1,F
937,31,HP_HP2,HP_HP,HP,HP,1,F
938,31,HP_HP2,HP_HP,HP,HP,1,F
939,31,HP_HP2,HP_HP,HP,HP,1,F
2289,31,HP_HP1,HP_HP,HP,HP,1,M
2300,31,HP_HP2,HP_HP,HP,HP,1,M
2301,31,HP_HP2,HP_HP,HP,HP,1,M
2302,31,HP_HP2,HP_HP,HP,HP,1,M
2303,31,HP_HP2,HP_HP,HP,HP,1,M
882,31,HP_LP1,HP_LP,HP,LP,1,F
883,31,HP_LP1,HP_LP,HP,LP,1,F
884,31,HP_LP1,HP_LP,HP,LP,1,F
885,31,HP_LP1,HP_LP,HP,LP,1,F
921,31,HP_LP2,HP_LP,HP,LP,1,F
922,31,HP_LP2,HP_LP,HP,LP,1,F
923,31,HP_LP2,HP_LP,HP,LP,1,F
924,31,HP_LP2,HP_LP,HP,LP,1,F
925,31,HP_LP2,HP_LP,HP,LP,1,F
926,31,HP_LP2,HP_LP,HP,LP,1,F
927,31,HP_LP2,HP_LP,HP,LP,1,F
928,31,HP_LP2,HP_LP,HP,LP,1,F
929,31,HP_LP2,HP_LP,HP,LP,1,F
930,31,HP_LP2,HP_LP,HP,LP,1,F
931,31,HP_LP2,HP_LP,HP,LP,1,F
932,31,HP_LP2,HP_LP,HP,LP,1,F
933,31,HP_LP2,HP_LP,HP,LP,1,F
2290,31,HP_LP1,HP_LP,HP,LP,1,M
2291,31,HP_LP1,HP_LP,HP,LP,1,M
2292,31,HP_LP1,HP_LP,HP,LP,1,M
2293,31,HP_LP1,HP_LP,HP,LP,1,M
2298,31,HP_LP2,HP_LP,HP,LP,1,M
2299,31,HP_LP2,HP_LP,HP,LP,1,M
874,31,LP_HP1,LP_HP,LP,HP,1,F
875,31,LP_HP1,LP_HP,LP,HP,1,F
876,31,LP_HP1,LP_HP,LP,HP,1,F
896,31,LP_HP2,LP_HP,LP,HP,1,F
897,31,LP_HP2,LP_HP,LP,HP,1,F
898,31,LP_HP2,LP_HP,LP,HP,1,F
899,31,LP_HP2,LP_HP,LP,HP,1,F
900,31,LP_HP2,LP_HP,LP,HP,1,F
901,31,LP_HP2,LP_HP,LP,HP,1,F
902,31,LP_HP2,LP_HP,LP,HP,1,F
903,31,LP_HP2,LP_HP,LP,HP,1,F
904,31,LP_HP2,LP_HP,LP,HP,1,F
905,31,LP_HP2,LP_HP,LP,HP,1,F
906,31,LP_HP2,LP_HP,LP,HP,1,F
907,31,LP_HP2,LP_HP,LP,HP,1,F
908,31,LP_HP2,LP_HP,LP,HP,1,F
909,31,LP_HP2,LP_HP,LP,HP,1,F
910,31,LP_HP2,LP_HP,LP,HP,1,F
911,31,LP_HP2,LP_HP,LP,HP,1,F
912,31,LP_HP2,LP_HP,LP,HP,1,F
913,31,LP_HP2,LP_HP,LP,HP,1,F
914,31,LP_HP2,LP_HP,LP,HP,1,F
915,31,LP_HP2,LP_HP,LP,HP,1,F
916,31,LP_HP2,LP_HP,LP,HP,1,F
917,31,LP_HP2,LP_HP,LP,HP,1,F
918,31,LP_HP2,LP_HP,LP,HP,1,F
919,31,LP_HP2,LP_HP,LP,HP,1,F
920,31,LP_HP2,LP_HP,LP,HP,1,F
2287,31,LP_HP1,LP_HP,LP,HP,1,M
2288,31,LP_HP1,LP_HP,LP,HP,1,M
2294,31,LP_HP2,LP_HP,LP,HP,1,M
2295,31,LP_HP2,LP_HP,LP,HP,1,M
2296,31,LP_HP2,LP_HP,LP,HP,1,M
2297,31,LP_HP2,LP_HP,LP,HP,1,M
871,31,LP_LP1,LP_LP,LP,LP,1,F
872,31,LP_LP1,LP_LP,LP,LP,1,F
873,31,LP_LP1,LP_LP,LP,LP,1,F
886,31,LP_LP2,LP_LP,LP,LP,1,F
887,31,LP_LP2,LP_LP,LP,LP,1,F
888,31,LP_LP2,LP_LP,LP,LP,1,F
889,31,LP_LP2,LP_LP,LP,LP,1,F
890,31,LP_LP2,LP_LP,LP,LP,1,F
891,31,LP_LP2,LP_LP,LP,LP,1,F
892,31,LP_LP2,LP_LP,LP,LP,1,F
893,31,LP_LP2,LP_LP,LP,LP,1,F
894,31,LP_LP2,LP_LP,LP,LP,1,F
895,31,LP_LP2,LP_LP,LP,LP,1,F
2283,31,LP_LP1,LP_LP,LP,LP,1,M
2284,31,LP_LP1,LP_LP,LP,LP,1,M
2285,31,LP_LP1,LP_LP,LP,LP,1,M
2286,31,LP_LP1,LP_LP,LP,LP,1,M
3045,31,LP_LP1,LP_LP,LP,LP,0,M
3046,31,LP_LP2,LP_LP,LP,LP,0,M
956,33,HP_HP1,HP_HP,HP,HP,1,F
1008,33,HP_HP2,HP_HP,HP,HP,1,F
1009,33,HP_HP2,HP_HP,HP,HP,1,F
1010,33,HP_HP2,HP_HP,HP,HP,1,F
1011,33,HP_HP2,HP_HP,HP,HP,1,F
1012,33,HP_HP2,HP_HP,HP,HP,1,F
1013,33,HP_HP2,HP_HP,HP,HP,1,F
2323,33,HP_HP1,HP_HP,HP,HP,1,M
2324,33,HP_HP1,HP_HP,HP,HP,1,M
2325,33,HP_HP1,HP_HP,HP,HP,1,M
2326,33,HP_HP1,HP_HP,HP,HP,1,M
2327,33,HP_HP1,HP_HP,HP,HP,1,M
2367,33,HP_HP2,HP_HP,HP,HP,1,M
2368,33,HP_HP2,HP_HP,HP,HP,1,M
2369,33,HP_HP2,HP_HP,HP,HP,1,M
2370,33,HP_HP2,HP_HP,HP,HP,1,M
2371,33,HP_HP2,HP_HP,HP,HP,1,M
2372,33,HP_HP2,HP_HP,HP,HP,1,M
2373,33,HP_HP2,HP_HP,HP,HP,1,M
2374,33,HP_HP2,HP_HP,HP,HP,1,M
2375,33,HP_HP2,HP_HP,HP,HP,1,M
2376,33,HP_HP2,HP_HP,HP,HP,1,M
2377,33,HP_HP2,HP_HP,HP,HP,1,M
957,33,HP_LP1,HP_LP,HP,LP,1,F
958,33,HP_LP1,HP_LP,HP,LP,1,F
959,33,HP_LP1,HP_LP,HP,LP,1,F
960,33,HP_LP1,HP_LP,HP,LP,1,F
1000,33,HP_LP2,HP_LP,HP,LP,1,F
1001,33,HP_LP2,HP_LP,HP,LP,1,F
1002,33,HP_LP2,HP_LP,HP,LP,1,F
1003,33,HP_LP2,HP_LP,HP,LP,1,F
1004,33,HP_LP2,HP_LP,HP,LP,1,F
1005,33,HP_LP2,HP_LP,HP,LP,1,F
1006,33,HP_LP2,HP_LP,HP,LP,1,F
1007,33,HP_LP2,HP_LP,HP,LP,1,F
2328,33,HP_LP1,HP_LP,HP,LP,1,M
2329,33,HP_LP1,HP_LP,HP,LP,1,M
2330,33,HP_LP1,HP_LP,HP,LP,1,M
2331,33,HP_LP1,HP_LP,HP,LP,1,M
2332,33,HP_LP1,HP_LP,HP,LP,1,M
2333,33,HP_LP1,HP_LP,HP,LP,1,M
2334,33,HP_LP1,HP_LP,HP,LP,1,M
2359,33,HP_LP2,HP_LP,HP,LP,1,M
2360,33,HP_LP2,HP_LP,HP,LP,1,M
2361,33,HP_LP2,HP_LP,HP,LP,1,M
2362,33,HP_LP2,HP_LP,HP,LP,1,M
2363,33,HP_LP2,HP_LP,HP,LP,1,M
2364,33,HP_LP2,HP_LP,HP,LP,1,M
2365,33,HP_LP2,HP_LP,HP,LP,1,M
2366,33,HP_LP2,HP_LP,HP,LP,1,M
947,33,LP_HP1,LP_HP,LP,HP,1,F
948,33,LP_HP1,LP_HP,LP,HP,1,F
949,33,LP_HP1,LP_HP,LP,HP,1,F
950,33,LP_HP1,LP_HP,LP,HP,1,F
951,33,LP_HP1,LP_HP,LP,HP,1,F
952,33,LP_HP1,LP_HP,LP,HP,1,F
953,33,LP_HP1,LP_HP,LP,HP,1,F
954,33,LP_HP1,LP_HP,LP,HP,1,F
955,33,LP_HP1,LP_HP,LP,HP,1,F
978,33,LP_HP2,LP_HP,LP,HP,1,F
979,33,LP_HP2,LP_HP,LP,HP,1,F
980,33,LP_HP2,LP_HP,LP,HP,1,F
981,33,LP_HP2,LP_HP,LP,HP,1,F
982,33,LP_HP2,LP_HP,LP,HP,1,F
983,33,LP_HP2,LP_HP,LP,HP,1,F
984,33,LP_HP2,LP_HP,LP,HP,1,F
985,33,LP_HP2,LP_HP,LP,HP,1,F
986,33,LP_HP2,LP_HP,LP,HP,1,F
987,33,LP_HP2,LP_HP,LP,HP,1,F
988,33,LP_HP2,LP_HP,LP,HP,1,F
989,33,LP_HP2,LP_HP,LP,HP,1,F
990,33,LP_HP2,LP_HP,LP,HP,1,F
991,33,LP_HP2,LP_HP,LP,HP,1,F
992,33,LP_HP2,LP_HP,LP,HP,1,F
993,33,LP_HP2,LP_HP,LP,HP,1,F
994,33,LP_HP2,LP_HP,LP,HP,1,F
995,33,LP_HP2,LP_HP,LP,HP,1,F
996,33,LP_HP2,LP_HP,LP,HP,1,F
997,33,LP_HP2,LP_HP,LP,HP,1,F
998,33,LP_HP2,LP_HP,LP,HP,1,F
999,33,LP_HP2,LP_HP,LP,HP,1,F
2309,33,LP_HP1,LP_HP,LP,HP,1,M
2310,33,LP_HP1,LP_HP,LP,HP,1,M
2311,33,LP_HP1,LP_HP,LP,HP,1,M
2312,33,LP_HP1,LP_HP,LP,HP,1,M
2313,33,LP_HP1,LP_HP,LP,HP,1,M
2314,33,LP_HP1,LP_HP,LP,HP,1,M
2315,33,LP_HP1,LP_HP,LP,HP,1,M
2316,33,LP_HP1,LP_HP,LP,HP,1,M
2317,33,LP_HP1,LP_HP,LP,HP,1,M
2318,33,LP_HP1,LP_HP,LP,HP,1,M
2319,33,LP_HP1,LP_HP,LP,HP,1,M
2320,33,LP_HP1,LP_HP,LP,HP,1,M
2321,33,LP_HP1,LP_HP,LP,HP,1,M
2322,33,LP_HP1,LP_HP,LP,HP,1,M
2341,33,LP_HP2,LP_HP,LP,HP,1,M
2342,33,LP_HP2,LP_HP,LP,HP,1,M
2343,33,LP_HP2,LP_HP,LP,HP,1,M
2344,33,LP_HP2,LP_HP,LP,HP,1,M
2345,33,LP_HP2,LP_HP,LP,HP,1,M
2346,33,LP_HP2,LP_HP,LP,HP,1,M
2347,33,LP_HP2,LP_HP,LP,HP,1,M
2348,33,LP_HP2,LP_HP,LP,HP,1,M
2349,33,LP_HP2,LP_HP,LP,HP,1,M
2350,33,LP_HP2,LP_HP,LP,HP,1,M
2351,33,LP_HP2,LP_HP,LP,HP,1,M
2352,33,LP_HP2,LP_HP,LP,HP,1,M
2353,33,LP_HP2,LP_HP,LP,HP,1,M
2354,33,LP_HP2,LP_HP,LP,HP,1,M
2355,33,LP_HP2,LP_HP,LP,HP,1,M
2356,33,LP_HP2,LP_HP,LP,HP,1,M
2357,33,LP_HP2,LP_HP,LP,HP,1,M
2358,33,LP_HP2,LP_HP,LP,HP,1,M
940,33,LP_LP1,LP_LP,LP,LP,1,F
941,33,LP_LP1,LP_LP,LP,LP,1,F
942,33,LP_LP1,LP_LP,LP,LP,1,F
943,33,LP_LP1,LP_LP,LP,LP,1,F
944,33,LP_LP1,LP_LP,LP,LP,1,F
945,33,LP_LP1,LP_LP,LP,LP,1,F
946,33,LP_LP1,LP_LP,LP,LP,1,F
961,33,LP_LP2,LP_LP,LP,LP,1,F
962,33,LP_LP2,LP_LP,LP,LP,1,F
963,33,LP_LP2,LP_LP,LP,LP,1,F
964,33,LP_LP2,LP_LP,LP,LP,1,F
965,33,LP_LP2,LP_LP,LP,LP,1,F
966,33,LP_LP2,LP_LP,LP,LP,1,F
967,33,LP_LP2,LP_LP,LP,LP,1,F
968,33,LP_LP2,LP_LP,LP,LP,1,F
969,33,LP_LP2,LP_LP,LP,LP,1,F
970,33,LP_LP2,LP_LP,LP,LP,1,F
971,33,LP_LP2,LP_LP,LP,LP,1,F
972,33,LP_LP2,LP_LP,LP,LP,1,F
973,33,LP_LP2,LP_LP,LP,LP,1,F
974,33,LP_LP2,LP_LP,LP,LP,1,F
975,33,LP_LP2,LP_LP,LP,LP,1,F
976,33,LP_LP2,LP_LP,LP,LP,1,F
977,33,LP_LP2,LP_LP,LP,LP,1,F
2304,33,LP_LP1,LP_LP,LP,LP,1,M
2305,33,LP_LP1,LP_LP,LP,LP,1,M
2306,33,LP_LP1,LP_LP,LP,LP,1,M
2307,33,LP_LP1,LP_LP,LP,LP,1,M
2308,33,LP_LP1,LP_LP,LP,LP,1,M
2335,33,LP_LP2,LP_LP,LP,LP,1,M
2336,33,LP_LP2,LP_LP,LP,LP,1,M
2337,33,LP_LP2,LP_LP,LP,LP,1,M
2338,33,LP_LP2,LP_LP,LP,LP,1,M
2339,33,LP_LP2,LP_LP,LP,LP,1,M
2340,33,LP_LP2,LP_LP,LP,LP,1,M
1032,36,HP_HP1,HP_HP,HP,HP,1,F
1033,36,HP_HP1,HP_HP,HP,HP,1,F
1034,36,HP_HP1,HP_HP,HP,HP,1,F
1035,36,HP_HP1,HP_HP,HP,HP,1,F
1036,36,HP_HP1,HP_HP,HP,HP,1,F
1093,36,HP_HP2,HP_HP,HP,HP,1,F
1094,36,HP_HP2,HP_HP,HP,HP,1,F
1095,36,HP_HP2,HP_HP,HP,HP,1,F
1096,36,HP_HP2,HP_HP,HP,HP,1,F
1097,36,HP_HP2,HP_HP,HP,HP,1,F
1098,36,HP_HP2,HP_HP,HP,HP,1,F
1099,36,HP_HP2,HP_HP,HP,HP,1,F
1100,36,HP_HP2,HP_HP,HP,HP,1,F
1101,36,HP_HP2,HP_HP,HP,HP,1,F
1102,36,HP_HP2,HP_HP,HP,HP,1,F
1103,36,HP_HP2,HP_HP,HP,HP,1,F
1104,36,HP_HP2,HP_HP,HP,HP,1,F
1105,36,HP_HP2,HP_HP,HP,HP,1,F
2401,36,HP_HP1,HP_HP,HP,HP,1,M
2402,36,HP_HP1,HP_HP,HP,HP,1,M
2403,36,HP_HP1,HP_HP,HP,HP,1,M
2404,36,HP_HP1,HP_HP,HP,HP,1,M
2405,36,HP_HP1,HP_HP,HP,HP,1,M
2406,36,HP_HP1,HP_HP,HP,HP,1,M
2407,36,HP_HP1,HP_HP,HP,HP,1,M
2408,36,HP_HP1,HP_HP,HP,HP,1,M
2409,36,HP_HP1,HP_HP,HP,HP,1,M
2410,36,HP_HP1,HP_HP,HP,HP,1,M
2473,36,HP_HP2,HP_HP,HP,HP,1,M
2474,36,HP_HP2,HP_HP,HP,HP,1,M
2475,36,HP_HP2,HP_HP,HP,HP,1,M
2476,36,HP_HP2,HP_HP,HP,HP,1,M
2477,36,HP_HP2,HP_HP,HP,HP,1,M
1037,36,HP_LP1,HP_LP,HP,LP,1,F
1038,36,HP_LP1,HP_LP,HP,LP,1,F
1039,36,HP_LP1,HP_LP,HP,LP,1,F
1067,36,HP_LP2,HP_LP,HP,LP,1,F
1068,36,HP_LP2,HP_LP,HP,LP,1,F
1069,36,HP_LP2,HP_LP,HP,LP,1,F
1070,36,HP_LP2,HP_LP,HP,LP,1,F
1071,36,HP_LP2,HP_LP,HP,LP,1,F
1072,36,HP_LP2,HP_LP,HP,LP,1,F
1073,36,HP_LP2,HP_LP,HP,LP,1,F
1074,36,HP_LP2,HP_LP,HP,LP,1,F
1075,36,HP_LP2,HP_LP,HP,LP,1,F
1076,36,HP_LP2,HP_LP,HP,LP,1,F
1077,36,HP_LP2,HP_LP,HP,LP,1,F
1078,36,HP_LP2,HP_LP,HP,LP,1,F
1079,36,HP_LP2,HP_LP,HP,LP,1,F
1080,36,HP_LP2,HP_LP,HP,LP,1,F
1081,36,HP_LP2,HP_LP,HP,LP,1,F
1082,36,HP_LP2,HP_LP,HP,LP,1,F
1083,36,HP_LP2,HP_LP,HP,LP,1,F
1084,36,HP_LP2,HP_LP,HP,LP,1,F
1085,36,HP_LP2,HP_LP,HP,LP,1,F
1086,36,HP_LP2,HP_LP,HP,LP,1,F
1087,36,HP_LP2,HP_LP,HP,LP,1,F
1088,36,HP_LP2,HP_LP,HP,LP,1,F
1089,36,HP_LP2,HP_LP,HP,LP,1,F
1090,36,HP_LP2,HP_LP,HP,LP,1,F
1091,36,HP_LP2,HP_LP,HP,LP,1,F
1092,36,HP_LP2,HP_LP,HP,LP,1,F
2411,36,HP_LP1,HP_LP,HP,LP,1,M
2412,36,HP_LP1,HP_LP,HP,LP,1,M
2413,36,HP_LP1,HP_LP,HP,LP,1,M
2414,36,HP_LP1,HP_LP,HP,LP,1,M
2415,36,HP_LP1,HP_LP,HP,LP,1,M
2416,36,HP_LP1,HP_LP,HP,LP,1,M
2417,36,HP_LP1,HP_LP,HP,LP,1,M
2418,36,HP_LP1,HP_LP,HP,LP,1,M
2419,36,HP_LP1,HP_LP,HP,LP,1,M
2420,36,HP_LP1,HP_LP,HP,LP,1,M
2421,36,HP_LP1,HP_LP,HP,LP,1,M
2422,36,HP_LP1,HP_LP,HP,LP,1,M
2423,36,HP_LP1,HP_LP,HP,LP,1,M
2448,36,HP_LP2,HP_LP,HP,LP,1,M
2449,36,HP_LP2,HP_LP,HP,LP,1,M
2450,36,HP_LP2,HP_LP,HP,LP,1,M
2451,36,HP_LP2,HP_LP,HP,LP,1,M
2452,36,HP_LP2,HP_LP,HP,LP,1,M
2453,36,HP_LP2,HP_LP,HP,LP,1,M
2454,36,HP_LP2,HP_LP,HP,LP,1,M
2455,36,HP_LP2,HP_LP,HP,LP,1,M
2456,36,HP_LP2,HP_LP,HP,LP,1,M
2457,36,HP_LP2,HP_LP,HP,LP,1,M
2458,36,HP_LP2,HP_LP,HP,LP,1,M
2459,36,HP_LP2,HP_LP,HP,LP,1,M
2460,36,HP_LP2,HP_LP,HP,LP,1,M
2461,36,HP_LP2,HP_LP,HP,LP,1,M
2462,36,HP_LP2,HP_LP,HP,LP,1,M
2463,36,HP_LP2,HP_LP,HP,LP,1,M
2464,36,HP_LP2,HP_LP,HP,LP,1,M
2465,36,HP_LP2,HP_LP,HP,LP,1,M
2466,36,HP_LP2,HP_LP,HP,LP,1,M
2467,36,HP_LP2,HP_LP,HP,LP,1,M
2468,36,HP_LP2,HP_LP,HP,LP,1,M
2469,36,HP_LP2,HP_LP,HP,LP,1,M
2470,36,HP_LP2,HP_LP,HP,LP,1,M
2471,36,HP_LP2,HP_LP,HP,LP,1,M
2472,36,HP_LP2,HP_LP,HP,LP,1,M
3048,36,HP_LP1,HP_LP,HP,LP,0,M
1027,36,LP_HP1,LP_HP,LP,HP,1,F
1028,36,LP_HP1,LP_HP,LP,HP,1,F
1029,36,LP_HP1,LP_HP,LP,HP,1,F
1030,36,LP_HP1,LP_HP,LP,HP,1,F
1031,36,LP_HP1,LP_HP,LP,HP,1,F
1055,36,LP_HP2,LP_HP,LP,HP,1,F
1056,36,LP_HP2,LP_HP,LP,HP,1,F
1057,36,LP_HP2,LP_HP,LP,HP,1,F
1058,36,LP_HP2,LP_HP,LP,HP,1,F
1059,36,LP_HP2,LP_HP,LP,HP,1,F
1060,36,LP_HP2,LP_HP,LP,HP,1,F
1061,36,LP_HP2,LP_HP,LP,HP,1,F
1062,36,LP_HP2,LP_HP,LP,HP,1,F
1063,36,LP_HP2,LP_HP,LP,HP,1,F
1064,36,LP_HP2,LP_HP,LP,HP,1,F
1065,36,LP_HP2,LP_HP,LP,HP,1,F
1066,36,LP_HP2,LP_HP,LP,HP,1,F
2389,36,LP_HP1,LP_HP,LP,HP,1,M
2390,36,LP_HP1,LP_HP,LP,HP,1,M
2391,36,LP_HP1,LP_HP,LP,HP,1,M
2392,36,LP_HP1,LP_HP,LP,HP,1,M
2393,36,LP_HP1,LP_HP,LP,HP,1,M
2394,36,LP_HP1,LP_HP,LP,HP,1,M
2395,36,LP_HP1,LP_HP,LP,HP,1,M
2396,36,LP_HP1,LP_HP,LP,HP,1,M
2397,36,LP_HP1,LP_HP,LP,HP,1,M
2398,36,LP_HP1,LP_HP,LP,HP,1,M
2399,36,LP_HP1,LP_HP,LP,HP,1,M
2400,36,LP_HP1,LP_HP,LP,HP,1,M
2437,36,LP_HP2,LP_HP,LP,HP,1,M
2438,36,LP_HP2,LP_HP,LP,HP,1,M
2439,36,LP_HP2,LP_HP,LP,HP,1,M
2440,36,LP_HP2,LP_HP,LP,HP,1,M
2441,36,LP_HP2,LP_HP,LP,HP,1,M
2442,36,LP_HP2,LP_HP,LP,HP,1,M
2443,36,LP_HP2,LP_HP,LP,HP,1,M
2444,36,LP_HP2,LP_HP,LP,HP,1,M
2445,36,LP_HP2,LP_HP,LP,HP,1,M
2446,36,LP_HP2,LP_HP,LP,HP,1,M
2447,36,LP_HP2,LP_HP,LP,HP,1,M
3047,36,LP_HP1,LP_HP,LP,HP,0,M
1014,36,LP_LP1,LP_LP,LP,LP,1,F
1015,36,LP_LP1,LP_LP,LP,LP,1,F
1016,36,LP_LP1,LP_LP,LP,LP,1,F
1017,36,LP_LP1,LP_LP,LP,LP,1,F
1018,36,LP_LP1,LP_LP,LP,LP,1,F
1019,36,LP_LP1,LP_LP,LP,LP,1,F
1020,36,LP_LP1,LP_LP,LP,LP,1,F
1021,36,LP_LP1,LP_LP,LP,LP,1,F
1022,36,LP_LP1,LP_LP,LP,LP,1,F
1023,36,LP_LP1,LP_LP,LP,LP,1,F
1024,36,LP_LP1,LP_LP,LP,LP,1,F
1025,36,LP_LP1,LP_LP,LP,LP,1,F
1026,36,LP_LP1,LP_LP,LP,LP,1,F
1040,36,LP_LP2,LP_LP,LP,LP,1,F
1041,36,LP_LP2,LP_LP,LP,LP,1,F
1042,36,LP_LP2,LP_LP,LP,LP,1,F
1043,36,LP_LP2,LP_LP,LP,LP,1,F
1044,36,LP_LP2,LP_LP,LP,LP,1,F
1045,36,LP_LP2,LP_LP,LP,LP,1,F
1046,36,LP_LP2,LP_LP,LP,LP,1,F
1047,36,LP_LP2,LP_LP,LP,LP,1,F
1048,36,LP_LP2,LP_LP,LP,LP,1,F
1049,36,LP_LP2,LP_LP,LP,LP,1,F
1050,36,LP_LP2,LP_LP,LP,LP,1,F
1051,36,LP_LP2,LP_LP,LP,LP,1,F
1052,36,LP_LP2,LP_LP,LP,LP,1,F
1053,36,LP_LP2,LP_LP,LP,LP,1,F
1054,36,LP_LP2,LP_LP,LP,LP,1,F
1871,36,LP_LP1,LP_LP,LP,LP,0,F
1872,36,LP_LP2,LP_LP,LP,LP,0,F
2378,36,LP_LP1,LP_LP,LP,LP,1,M
2379,36,LP_LP1,LP_LP,LP,LP,1,M
2380,36,LP_LP1,LP_LP,LP,LP,1,M
2381,36,LP_LP1,LP_LP,LP,LP,1,M
2382,36,LP_LP1,LP_LP,LP,LP,1,M
2383,36,LP_LP1,LP_LP,LP,LP,1,M
2384,36,LP_LP1,LP_LP,LP,LP,1,M
2385,36,LP_LP1,LP_LP,LP,LP,1,M
2386,36,LP_LP1,LP_LP,LP,LP,1,M
2387,36,LP_LP1,LP_LP,LP,LP,1,M
2388,36,LP_LP1,LP_LP,LP,LP,1,M
2424,36,LP_LP2,LP_LP,LP,LP,1,M
2425,36,LP_LP2,LP_LP,LP,LP,1,M
2426,36,LP_LP2,LP_LP,LP,LP,1,M
2427,36,LP_LP2,LP_LP,LP,LP,1,M
2428,36,LP_LP2,LP_LP,LP,LP,1,M
2429,36,LP_LP2,LP_LP,LP,LP,1,M
2430,36,LP_LP2,LP_LP,LP,LP,1,M
2431,36,LP_LP2,LP_LP,LP,LP,1,M
2432,36,LP_LP2,LP_LP,LP,LP,1,M
2433,36,LP_LP2,LP_LP,LP,LP,1,M
2434,36,LP_LP2,LP_LP,LP,LP,1,M
2435,36,LP_LP2,LP_LP,LP,LP,1,M
2436,36,LP_LP2,LP_LP,LP,LP,1,M
1162,38,HP_HP2,HP_HP,HP,HP,1,F
1163,38,HP_HP2,HP_HP,HP,HP,1,F
1164,38,HP_HP2,HP_HP,HP,HP,1,F
1873,38,HP_HP1,HP_HP,HP,HP,0,F
2491,38,HP_HP1,HP_HP,HP,HP,1,M
2492,38,HP_HP1,HP_HP,HP,HP,1,M
2531,38,HP_HP2,HP_HP,HP,HP,1,M
2532,38,HP_HP2,HP_HP,HP,HP,1,M
2533,38,HP_HP2,HP_HP,HP,HP,1,M
2534,38,HP_HP2,HP_HP,HP,HP,1,M
2535,38,HP_HP2,HP_HP,HP,HP,1,M
2536,38,HP_HP2,HP_HP,HP,HP,1,M
1124,38,HP_LP1,HP_LP,HP,LP,1,F
1125,38,HP_LP1,HP_LP,HP,LP,1,F
1126,38,HP_LP1,HP_LP,HP,LP,1,F
1127,38,HP_LP1,HP_LP,HP,LP,1,F
1155,38,HP_LP2,HP_LP,HP,LP,1,F
1156,38,HP_LP2,HP_LP,HP,LP,1,F
1157,38,HP_LP2,HP_LP,HP,LP,1,F
1158,38,HP_LP2,HP_LP,HP,LP,1,F
1159,38,HP_LP2,HP_LP,HP,LP,1,F
1160,38,HP_LP2,HP_LP,HP,LP,1,F
1161,38,HP_LP2,HP_LP,HP,LP,1,F
2493,38,HP_LP1,HP_LP,HP,LP,1,M
2494,38,HP_LP1,HP_LP,HP,LP,1,M
2495,38,HP_LP1,HP_LP,HP,LP,1,M
2496,38,HP_LP1,HP_LP,HP,LP,1,M
2497,38,HP_LP1,HP_LP,HP,LP,1,M
2498,38,HP_LP1,HP_LP,HP,LP,1,M
2499,38,HP_LP1,HP_LP,HP,LP,1,M
2500,38,HP_LP1,HP_LP,HP,LP,1,M
2528,38,HP_LP2,HP_LP,HP,LP,1,M
2529,38,HP_LP2,HP_LP,HP,LP,1,M
2530,38,HP_LP2,HP_LP,HP,LP,1,M
1113,38,LP_HP1,LP_HP,LP,HP,1,F
1114,38,LP_HP1,LP_HP,LP,HP,1,F
1115,38,LP_HP1,LP_HP,LP,HP,1,F
1116,38,LP_HP1,LP_HP,LP,HP,1,F
1117,38,LP_HP1,LP_HP,LP,HP,1,F
1118,38,LP_HP1,LP_HP,LP,HP,1,F
1119,38,LP_HP1,LP_HP,LP,HP,1,F
1120,38,LP_HP1,LP_HP,LP,HP,1,F
1121,38,LP_HP1,LP_HP,LP,HP,1,F
1122,38,LP_HP1,LP_HP,LP,HP,1,F
1123,38,LP_HP1,LP_HP,LP,HP,1,F
1135,38,LP_HP2,LP_HP,LP,HP,1,F
1136,38,LP_HP2,LP_HP,LP,HP,1,F
1137,38,LP_HP2,LP_HP,LP,HP,1,F
1138,38,LP_HP2,LP_HP,LP,HP,1,F
1139,38,LP_HP2,LP_HP,LP,HP,1,F
1140,38,LP_HP2,LP_HP,LP,HP,1,F
1141,38,LP_HP2,LP_HP,LP,HP,1,F
1142,38,LP_HP2,LP_HP,LP,HP,1,F
1143,38,LP_HP2,LP_HP,LP,HP,1,F
1144,38,LP_HP2,LP_HP,LP,HP,1,F
1145,38,LP_HP2,LP_HP,LP,HP,1,F
1146,38,LP_HP2,LP_HP,LP,HP,1,F
1147,38,LP_HP2,LP_HP,LP,HP,1,F
1148,38,LP_HP2,LP_HP,LP,HP,1,F
1149,38,LP_HP2,LP_HP,LP,HP,1,F
1150,38,LP_HP2,LP_HP,LP,HP,1,F
1151,38,LP_HP2,LP_HP,LP,HP,1,F
1152,38,LP_HP2,LP_HP,LP,HP,1,F
1153,38,LP_HP2,LP_HP,LP,HP,1,F
1154,38,LP_HP2,LP_HP,LP,HP,1,F
2483,38,LP_HP1,LP_HP,LP,HP,1,M
2484,38,LP_HP1,LP_HP,LP,HP,1,M
2485,38,LP_HP1,LP_HP,LP,HP,1,M
2486,38,LP_HP1,LP_HP,LP,HP,1,M
2487,38,LP_HP1,LP_HP,LP,HP,1,M
2488,38,LP_HP1,LP_HP,LP,HP,1,M
2489,38,LP_HP1,LP_HP,LP,HP,1,M
2490,38,LP_HP1,LP_HP,LP,HP,1,M
2511,38,LP_HP2,LP_HP,LP,HP,1,M
2512,38,LP_HP2,LP_HP,LP,HP,1,M
2513,38,LP_HP2,LP_HP,LP,HP,1,M
2514,38,LP_HP2,LP_HP,LP,HP,1,M
2515,38,LP_HP2,LP_HP,LP,HP,1,M
2516,38,LP_HP2,LP_HP,LP,HP,1,M
2517,38,LP_HP2,LP_HP,LP,HP,1,M
2518,38,LP_HP2,LP_HP,LP,HP,1,M
2519,38,LP_HP2,LP_HP,LP,HP,1,M
2520,38,LP_HP2,LP_HP,LP,HP,1,M
2521,38,LP_HP2,LP_HP,LP,HP,1,M
2522,38,LP_HP2,LP_HP,LP,HP,1,M
2523,38,LP_HP2,LP_HP,LP,HP,1,M
2524,38,LP_HP2,LP_HP,LP,HP,1,M
2525,38,LP_HP2,LP_HP,LP,HP,1,M
2526,38,LP_HP2,LP_HP,LP,HP,1,M
2527,38,LP_HP2,LP_HP,LP,HP,1,M
1106,38,LP_LP1,LP_LP,LP,LP,1,F
1107,38,LP_LP1,LP_LP,LP,LP,1,F
1108,38,LP_LP1,LP_LP,LP,LP,1,F
1109,38,LP_LP1,LP_LP,LP,LP,1,F
1110,38,LP_LP1,LP_LP,LP,LP,1,F
1111,38,LP_LP1,LP_LP,LP,LP,1,F
1112,38,LP_LP1,LP_LP,LP,LP,1,F
1128,38,LP_LP2,LP_LP,LP,LP,1,F
1129,38,LP_LP2,LP_LP,LP,LP,1,F
1130,38,LP_LP2,LP_LP,LP,LP,1,F
1131,38,LP_LP2,LP_LP,LP,LP,1,F
1132,38,LP_LP2,LP_LP,LP,LP,1,F
1133,38,LP_LP2,LP_LP,LP,LP,1,F
1134,38,LP_LP2,LP_LP,LP,LP,1,F
2478,38,LP_LP1,LP_LP,LP,LP,1,M
2479,38,LP_LP1,LP_LP,LP,LP,1,M
2480,38,LP_LP1,LP_LP,LP,LP,1,M
2481,38,LP_LP1,LP_LP,LP,LP,1,M
2482,38,LP_LP1,LP_LP,LP,LP,1,M
2501,38,LP_LP2,LP_LP,LP,LP,1,M
2502,38,LP_LP2,LP_LP,LP,LP,1,M
2503,38,LP_LP2,LP_LP,LP,LP,1,M
2504,38,LP_LP2,LP_LP,LP,LP,1,M
2505,38,LP_LP2,LP_LP,LP,LP,1,M
2506,38,LP_LP2,LP_LP,LP,LP,1,M
2507,38,LP_LP2,LP_LP,LP,LP,1,M
2508,38,LP_LP2,LP_LP,LP,LP,1,M
2509,38,LP_LP2,LP_LP,LP,LP,1,M
2510,38,LP_LP2,LP_LP,LP,LP,1,M
1179,40,HP_HP1,HP_HP,HP,HP,1,F
1214,40,HP_HP2,HP_HP,HP,HP,1,F
1215,40,HP_HP2,HP_HP,HP,HP,1,F
1216,40,HP_HP2,HP_HP,HP,HP,1,F
1217,40,HP_HP2,HP_HP,HP,HP,1,F
1218,40,HP_HP2,HP_HP,HP,HP,1,F
1219,40,HP_HP2,HP_HP,HP,HP,1,F
1220,40,HP_HP2,HP_HP,HP,HP,1,F
1221,40,HP_HP2,HP_HP,HP,HP,1,F
2552,40,HP_HP1,HP_HP,HP,HP,1,M
2553,40,HP_HP1,HP_HP,HP,HP,1,M
2554,40,HP_HP1,HP_HP,HP,HP,1,M
2555,40,HP_HP1,HP_HP,HP,HP,1,M
2556,40,HP_HP1,HP_HP,HP,HP,1,M
2557,40,HP_HP1,HP_HP,HP,HP,1,M
2602,40,HP_HP2,HP_HP,HP,HP,1,M
2603,40,HP_HP2,HP_HP,HP,HP,1,M
2604,40,HP_HP2,HP_HP,HP,HP,1,M
2605,40,HP_HP2,HP_HP,HP,HP,1,M
2606,40,HP_HP2,HP_HP,HP,HP,1,M
2607,40,HP_HP2,HP_HP,HP,HP,1,M
1180,40,HP_LP1,HP_LP,HP,LP,1,F
1181,40,HP_LP1,HP_LP,HP,LP,1,F
1182,40,HP_LP1,HP_LP,HP,LP,1,F
1183,40,HP_LP1,HP_LP,HP,LP,1,F
1184,40,HP_LP1,HP_LP,HP,LP,1,F
1205,40,HP_LP2,HP_LP,HP,LP,1,F
1206,40,HP_LP2,HP_LP,HP,LP,1,F
1207,40,HP_LP2,HP_LP,HP,LP,1,F
1208,40,HP_LP2,HP_LP,HP,LP,1,F
1209,40,HP_LP2,HP_LP,HP,LP,1,F
1210,40,HP_LP2,HP_LP,HP,LP,1,F
1211,40,HP_LP2,HP_LP,HP,LP,1,F
1212,40,HP_LP2,HP_LP,HP,LP,1,F
1213,40,HP_LP2,HP_LP,HP,LP,1,F
2558,40,HP_LP1,HP_LP,HP,LP,1,M
2559,40,HP_LP1,HP_LP,HP,LP,1,M
2560,40,HP_LP1,HP_LP,HP,LP,1,M
2561,40,HP_LP1,HP_LP,HP,LP,1,M
2562,40,HP_LP1,HP_LP,HP,LP,1,M
2563,40,HP_LP1,HP_LP,HP,LP,1,M
2564,40,HP_LP1,HP_LP,HP,LP,1,M
2592,40,HP_LP2,HP_LP,HP,LP,1,M
2593,40,HP_LP2,HP_LP,HP,LP,1,M
2594,40,HP_LP2,HP_LP,HP,LP,1,M
2595,40,HP_LP2,HP_LP,HP,LP,1,M
2596,40,HP_LP2,HP_LP,HP,LP,1,M
2597,40,HP_LP2,HP_LP,HP,LP,1,M
2598,40,HP_LP2,HP_LP,HP,LP,1,M
2599,40,HP_LP2,HP_LP,HP,LP,1,M
2600,40,HP_LP2,HP_LP,HP,LP,1,M
2601,40,HP_LP2,HP_LP,HP,LP,1,M
1173,40,LP_HP1,LP_HP,LP,HP,1,F
1174,40,LP_HP1,LP_HP,LP,HP,1,F
1175,40,LP_HP1,LP_HP,LP,HP,1,F
1176,40,LP_HP1,LP_HP,LP,HP,1,F
1177,40,LP_HP1,LP_HP,LP,HP,1,F
1178,40,LP_HP1,LP_HP,LP,HP,1,F
1196,40,LP_HP2,LP_HP,LP,HP,1,F
1197,40,LP_HP2,LP_HP,LP,HP,1,F
1198,40,LP_HP2,LP_HP,LP,HP,1,F
1199,40,LP_HP2,LP_HP,LP,HP,1,F
1200,40,LP_HP2,LP_HP,LP,HP,1,F
1201,40,LP_HP2,LP_HP,LP,HP,1,F
1202,40,LP_HP2,LP_HP,LP,HP,1,F
1203,40,LP_HP2,LP_HP,LP,HP,1,F
1204,40,LP_HP2,LP_HP,LP,HP,1,F
2544,40,LP_HP1,LP_HP,LP,HP,1,M
2545,40,LP_HP1,LP_HP,LP,HP,1,M
2546,40,LP_HP1,LP_HP,LP,HP,1,M
2547,40,LP_HP1,LP_HP,LP,HP,1,M
2548,40,LP_HP1,LP_HP,LP,HP,1,M
2549,40,LP_HP1,LP_HP,LP,HP,1,M
2550,40,LP_HP1,LP_HP,LP,HP,1,M
2551,40,LP_HP1,LP_HP,LP,HP,1,M
2575,40,LP_HP2,LP_HP,LP,HP,1,M
2576,40,LP_HP2,LP_HP,LP,HP,1,M
2577,40,LP_HP2,LP_HP,LP,HP,1,M
2578,40,LP_HP2,LP_HP,LP,HP,1,M
2579,40,LP_HP2,LP_HP,LP,HP,1,M
2580,40,LP_HP2,LP_HP,LP,HP,1,M
2581,40,LP_HP2,LP_HP,LP,HP,1,M
2582,40,LP_HP2,LP_HP,LP,HP,1,M
2583,40,LP_HP2,LP_HP,LP,HP,1,M
2584,40,LP_HP2,LP_HP,LP,HP,1,M
2585,40,LP_HP2,LP_HP,LP,HP,1,M
2586,40,LP_HP2,LP_HP,LP,HP,1,M
2587,40,LP_HP2,LP_HP,LP,HP,1,M
2588,40,LP_HP2,LP_HP,LP,HP,1,M
2589,40,LP_HP2,LP_HP,LP,HP,1,M
2590,40,LP_HP2,LP_HP,LP,HP,1,M
2591,40,LP_HP2,LP_HP,LP,HP,1,M
1165,40,LP_LP1,LP_LP,LP,LP,1,F
1166,40,LP_LP1,LP_LP,LP,LP,1,F
1167,40,LP_LP1,LP_LP,LP,LP,1,F
1168,40,LP_LP1,LP_LP,LP,LP,1,F
1169,40,LP_LP1,LP_LP,LP,LP,1,F
1170,40,LP_LP1,LP_LP,LP,LP,1,F
1171,40,LP_LP1,LP_LP,LP,LP,1,F
1172,40,LP_LP1,LP_LP,LP,LP,1,F
1185,40,LP_LP2,LP_LP,LP,LP,1,F
1186,40,LP_LP2,LP_LP,LP,LP,1,F
1187,40,LP_LP2,LP_LP,LP,LP,1,F
1188,40,LP_LP2,LP_LP,LP,LP,1,F
1189,40,LP_LP2,LP_LP,LP,LP,1,F
1190,40,LP_LP2,LP_LP,LP,LP,1,F
1191,40,LP_LP2,LP_LP,LP,LP,1,F
1192,40,LP_LP2,LP_LP,LP,LP,1,F
1193,40,LP_LP2,LP_LP,LP,LP,1,F
1194,40,LP_LP2,LP_LP,LP,LP,1,F
1195,40,LP_LP2,LP_LP,LP,LP,1,F
2537,40,LP_LP1,LP_LP,LP,LP,1,M
2538,40,LP_LP1,LP_LP,LP,LP,1,M
2539,40,LP_LP1,LP_LP,LP,LP,1,M
2540,40,LP_LP1,LP_LP,LP,LP,1,M
2541,40,LP_LP1,LP_LP,LP,LP,1,M
2542,40,LP_LP1,LP_LP,LP,LP,1,M
2543,40,LP_LP1,LP_LP,LP,LP,1,M
2565,40,LP_LP2,LP_LP,LP,LP,1,M
2566,40,LP_LP2,LP_LP,LP,LP,1,M
2567,40,LP_LP2,LP_LP,LP,LP,1,M
2568,40,LP_LP2,LP_LP,LP,LP,1,M
2569,40,LP_LP2,LP_LP,LP,LP,1,M
2570,40,LP_LP2,LP_LP,LP,LP,1,M
2571,40,LP_LP2,LP_LP,LP,LP,1,M
2572,40,LP_LP2,LP_LP,LP,LP,1,M
2573,40,LP_LP2,LP_LP,LP,LP,1,M
2574,40,LP_LP2,LP_LP,LP,LP,1,M
3049,40,LP_LP2,LP_LP,LP,LP,0,M
1245,43,HP_HP1,HP_HP,HP,HP,1,F
1246,43,HP_HP1,HP_HP,HP,HP,1,F
1247,43,HP_HP1,HP_HP,HP,HP,1,F
1248,43,HP_HP1,HP_HP,HP,HP,1,F
1310,43,HP_HP2,HP_HP,HP,HP,1,F
1311,43,HP_HP2,HP_HP,HP,HP,1,F
1312,43,HP_HP2,HP_HP,HP,HP,1,F
1313,43,HP_HP2,HP_HP,HP,HP,1,F
1314,43,HP_HP2,HP_HP,HP,HP,1,F
1315,43,HP_HP2,HP_HP,HP,HP,1,F
1316,43,HP_HP2,HP_HP,HP,HP,1,F
2616,43,HP_HP1,HP_HP,HP,HP,1,M
2617,43,HP_HP1,HP_HP,HP,HP,1,M
2618,43,HP_HP1,HP_HP,HP,HP,1,M
2637,43,HP_HP2,HP_HP,HP,HP,1,M
2638,43,HP_HP2,HP_HP,HP,HP,1,M
2639,43,HP_HP2,HP_HP,HP,HP,1,M
2640,43,HP_HP2,HP_HP,HP,HP,1,M
1249,43,HP_LP1,HP_LP,HP,LP,1,F
1250,43,HP_LP1,HP_LP,HP,LP,1,F
1291,43,HP_LP2,HP_LP,HP,LP,1,F
1292,43,HP_LP2,HP_LP,HP,LP,1,F
1293,43,HP_LP2,HP_LP,HP,LP,1,F
1294,43,HP_LP2,HP_LP,HP,LP,1,F
1295,43,HP_LP2,HP_LP,HP,LP,1,F
1296,43,HP_LP2,HP_LP,HP,LP,1,F
1297,43,HP_LP2,HP_LP,HP,LP,1,F
1298,43,HP_LP2,HP_LP,HP,LP,1,F
1299,43,HP_LP2,HP_LP,HP,LP,1,F
1300,43,HP_LP2,HP_LP,HP,LP,1,F
1301,43,HP_LP2,HP_LP,HP,LP,1,F
1302,43,HP_LP2,HP_LP,HP,LP,1,F
1303,43,HP_LP2,HP_LP,HP,LP,1,F
1304,43,HP_LP2,HP_LP,HP,LP,1,F
1305,43,HP_LP2,HP_LP,HP,LP,1,F
1306,43,HP_LP2,HP_LP,HP,LP,1,F
1307,43,HP_LP2,HP_LP,HP,LP,1,F
1308,43,HP_LP2,HP_LP,HP,LP,1,F
1309,43,HP_LP2,HP_LP,HP,LP,1,F
2619,43,HP_LP1,HP_LP,HP,LP,1,M
2631,43,HP_LP2,HP_LP,HP,LP,1,M
2632,43,HP_LP2,HP_LP,HP,LP,1,M
2633,43,HP_LP2,HP_LP,HP,LP,1,M
2634,43,HP_LP2,HP_LP,HP,LP,1,M
2635,43,HP_LP2,HP_LP,HP,LP,1,M
2636,43,HP_LP2,HP_LP,HP,LP,1,M
3050,43,HP_LP2,HP_LP,HP,LP,0,M
1235,43,LP_HP1,LP_HP,LP,HP,1,F
1236,43,LP_HP1,LP_HP,LP,HP,1,F
1237,43,LP_HP1,LP_HP,LP,HP,1,F
1238,43,LP_HP1,LP_HP,LP,HP,1,F
1239,43,LP_HP1,LP_HP,LP,HP,1,F
1240,43,LP_HP1,LP_HP,LP,HP,1,F
1241,43,LP_HP1,LP_HP,LP,HP,1,F
1242,43,LP_HP1,LP_HP,LP,HP,1,F
1243,43,LP_HP1,LP_HP,LP,HP,1,F
1244,43,LP_HP1,LP_HP,LP,HP,1,F
1274,43,LP_HP2,LP_HP,LP,HP,1,F
1275,43,LP_HP2,LP_HP,LP,HP,1,F
1276,43,LP_HP2,LP_HP,LP,HP,1,F
1277,43,LP_HP2,LP_HP,LP,HP,1,F
1278,43,LP_HP2,LP_HP,LP,HP,1,F
1279,43,LP_HP2,LP_HP,LP,HP,1,F
1280,43,LP_HP2,LP_HP,LP,HP,1,F
1281,43,LP_HP2,LP_HP,LP,HP,1,F
1282,43,LP_HP2,LP_HP,LP,HP,1,F
1283,43,LP_HP2,LP_HP,LP,HP,1,F
1284,43,LP_HP2,LP_HP,LP,HP,1,F
1285,43,LP_HP2,LP_HP,LP,HP,1,F
1286,43,LP_HP2,LP_HP,LP,HP,1,F
1287,43,LP_HP2,LP_HP,LP,HP,1,F
1288,43,LP_HP2,LP_HP,LP,HP,1,F
1289,43,LP_HP2,LP_HP,LP,HP,1,F
1290,43,LP_HP2,LP_HP,LP,HP,1,F
2612,43,LP_HP1,LP_HP,LP,HP,1,M
2613,43,LP_HP1,LP_HP,LP,HP,1,M
2614,43,LP_HP1,LP_HP,LP,HP,1,M
2615,43,LP_HP1,LP_HP,LP,HP,1,M
2627,43,LP_HP2,LP_HP,LP,HP,1,M
2628,43,LP_HP2,LP_HP,LP,HP,1,M
2629,43,LP_HP2,LP_HP,LP,HP,1,M
2630,43,LP_HP2,LP_HP,LP,HP,1,M
1222,43,LP_LP1,LP_LP,LP,LP,1,F
1223,43,LP_LP1,LP_LP,LP,LP,1,F
1224,43,LP_LP1,LP_LP,LP,LP,1,F
1225,43,LP_LP1,LP_LP,LP,LP,1,F
1226,43,LP_LP1,LP_LP,LP,LP,1,F
1227,43,LP_LP1,LP_LP,LP,LP,1,F
1228,43,LP_LP1,LP_LP,LP,LP,1,F
1229,43,LP_LP1,LP_LP,LP,LP,1,F
1230,43,LP_LP1,LP_LP,LP,LP,1,F
1231,43,LP_LP1,LP_LP,LP,LP,1,F
1232,43,LP_LP1,LP_LP,LP,LP,1,F
1233,43,LP_LP1,LP_LP,LP,LP,1,F
1234,43,LP_LP1,LP_LP,LP,LP,1,F
1251,43,LP_LP2,LP_LP,LP,LP,1,F
1252,43,LP_LP2,LP_LP,LP,LP,1,F
1253,43,LP_LP2,LP_LP,LP,LP,1,F
1254,43,LP_LP2,LP_LP,LP,LP,1,F
1255,43,LP_LP2,LP_LP,LP,LP,1,F
1256,43,LP_LP2,LP_LP,LP,LP,1,F
1257,43,LP_LP2,LP_LP,LP,LP,1,F
1258,43,LP_LP2,LP_LP,LP,LP,1,F
1259,43,LP_LP2,LP_LP,LP,LP,1,F
1260,43,LP_LP2,LP_LP,LP,LP,1,F
1261,43,LP_LP2,LP_LP,LP,LP,1,F
1262,43,LP_LP2,LP_LP,LP,LP,1,F
1263,43,LP_LP2,LP_LP,LP,LP,1,F
1264,43,LP_LP2,LP_LP,LP,LP,1,F
1265,43,LP_LP2,LP_LP,LP,LP,1,F
1266,43,LP_LP2,LP_LP,LP,LP,1,F
1267,43,LP_LP2,LP_LP,LP,LP,1,F
1268,43,LP_LP2,LP_LP,LP,LP,1,F
1269,43,LP_LP2,LP_LP,LP,LP,1,F
1270,43,LP_LP2,LP_LP,LP,LP,1,F
1271,43,LP_LP2,LP_LP,LP,LP,1,F
1272,43,LP_LP2,LP_LP,LP,LP,1,F
1273,43,LP_LP2,LP_LP,LP,LP,1,F
2608,43,LP_LP1,LP_LP,LP,LP,1,M
2609,43,LP_LP1,LP_LP,LP,LP,1,M
2610,43,LP_LP1,LP_LP,LP,LP,1,M
2611,43,LP_LP1,LP_LP,LP,LP,1,M
2620,43,LP_LP2,LP_LP,LP,LP,1,M
2621,43,LP_LP2,LP_LP,LP,LP,1,M
2622,43,LP_LP2,LP_LP,LP,LP,1,M
2623,43,LP_LP2,LP_LP,LP,LP,1,M
2624,43,LP_LP2,LP_LP,LP,LP,1,M
2625,43,LP_LP2,LP_LP,LP,LP,1,M
2626,43,LP_LP2,LP_LP,LP,LP,1,M
1328,45,HP_HP1,HP_HP,HP,HP,1,F
1329,45,HP_HP1,HP_HP,HP,HP,1,F
1330,45,HP_HP1,HP_HP,HP,HP,1,F
1331,45,HP_HP1,HP_HP,HP,HP,1,F
1332,45,HP_HP1,HP_HP,HP,HP,1,F
1333,45,HP_HP1,HP_HP,HP,HP,1,F
1368,45,HP_HP2,HP_HP,HP,HP,1,F
1369,45,HP_HP2,HP_HP,HP,HP,1,F
1370,45,HP_HP2,HP_HP,HP,HP,1,F
1371,45,HP_HP2,HP_HP,HP,HP,1,F
1874,45,HP_HP1,HP_HP,HP,HP,0,F
2644,45,HP_HP1,HP_HP,HP,HP,1,M
2645,45,HP_HP1,HP_HP,HP,HP,1,M
2646,45,HP_HP1,HP_HP,HP,HP,1,M
2647,45,HP_HP1,HP_HP,HP,HP,1,M
2667,45,HP_HP2,HP_HP,HP,HP,1,M
2668,45,HP_HP2,HP_HP,HP,HP,1,M
2669,45,HP_HP2,HP_HP,HP,HP,1,M
2670,45,HP_HP2,HP_HP,HP,HP,1,M
3052,45,HP_HP1,HP_HP,HP,HP,0,M
3053,45,HP_HP1,HP_HP,HP,HP,0,M
3054,45,HP_HP1,HP_HP,HP,HP,0,M
3057,45,HP_HP2,HP_HP,HP,HP,0,M
1334,45,HP_LP1,HP_LP,HP,LP,1,F
1335,45,HP_LP1,HP_LP,HP,LP,1,F
1336,45,HP_LP1,HP_LP,HP,LP,1,F
1359,45,HP_LP2,HP_LP,HP,LP,1,F
1360,45,HP_LP2,HP_LP,HP,LP,1,F
1361,45,HP_LP2,HP_LP,HP,LP,1,F
1362,45,HP_LP2,HP_LP,HP,LP,1,F
1363,45,HP_LP2,HP_LP,HP,LP,1,F
1364,45,HP_LP2,HP_LP,HP,LP,1,F
1365,45,HP_LP2,HP_LP,HP,LP,1,F
1366,45,HP_LP2,HP_LP,HP,LP,1,F
1367,45,HP_LP2,HP_LP,HP,LP,1,F
1876,45,HP_LP2,HP_LP,HP,LP,0,F
2648,45,HP_LP1,HP_LP,HP,LP,1,M
2649,45,HP_LP1,HP_LP,HP,LP,1,M
2650,45,HP_LP1,HP_LP,HP,LP,1,M
2662,45,HP_LP2,HP_LP,HP,LP,1,M
2663,45,HP_LP2,HP_LP,HP,LP,1,M
2664,45,HP_LP2,HP_LP,HP,LP,1,M
2665,45,HP_LP2,HP_LP,HP,LP,1,M
2666,45,HP_LP2,HP_LP,HP,LP,1,M
3056,45,HP_LP2,HP_LP,HP,LP,0,M
1323,45,LP_HP1,LP_HP,LP,HP,1,F
1324,45,LP_HP1,LP_HP,LP,HP,1,F
1325,45,LP_HP1,LP_HP,LP,HP,1,F
1326,45,LP_HP1,LP_HP,LP,HP,1,F
1327,45,LP_HP1,LP_HP,LP,HP,1,F
1349,45,LP_HP2,LP_HP,LP,HP,1,F
1350,45,LP_HP2,LP_HP,LP,HP,1,F
1351,45,LP_HP2,LP_HP,LP,HP,1,F
1352,45,LP_HP2,LP_HP,LP,HP,1,F
1353,45,LP_HP2,LP_HP,LP,HP,1,F
1354,45,LP_HP2,LP_HP,LP,HP,1,F
1355,45,LP_HP2,LP_HP,LP,HP,1,F
1356,45,LP_HP2,LP_HP,LP,HP,1,F
1357,45,LP_HP2,LP_HP,LP,HP,1,F
1358,45,LP_HP2,LP_HP,LP,HP,1,F
1875,45,LP_HP2,LP_HP,LP,HP,0,F
2654,45,LP_HP2,LP_HP,LP,HP,1,M
2655,45,LP_HP2,LP_HP,LP,HP,1,M
2656,45,LP_HP2,LP_HP,LP,HP,1,M
2657,45,LP_HP2,LP_HP,LP,HP,1,M
2658,45,LP_HP2,LP_HP,LP,HP,1,M
2659,45,LP_HP2,LP_HP,LP,HP,1,M
2660,45,LP_HP2,LP_HP,LP,HP,1,M
2661,45,LP_HP2,LP_HP,LP,HP,1,M
3055,45,LP_HP2,LP_HP,LP,HP,0,M
1317,45,LP_LP1,LP_LP,LP,LP,1,F
1318,45,LP_LP1,LP_LP,LP,LP,1,F
1319,45,LP_LP1,LP_LP,LP,LP,1,F
1320,45,LP_LP1,LP_LP,LP,LP,1,F
1321,45,LP_LP1,LP_LP,LP,LP,1,F
1322,45,LP_LP1,LP_LP,LP,LP,1,F
1337,45,LP_LP2,LP_LP,LP,LP,1,F
1338,45,LP_LP2,LP_LP,LP,LP,1,F
1339,45,LP_LP2,LP_LP,LP,LP,1,F
1340,45,LP_LP2,LP_LP,LP,LP,1,F
1341,45,LP_LP2,LP_LP,LP,LP,1,F
1342,45,LP_LP2,LP_LP,LP,LP,1,F
1343,45,LP_LP2,LP_LP,LP,LP,1,F
1344,45,LP_LP2,LP_LP,LP,LP,1,F
1345,45,LP_LP2,LP_LP,LP,LP,1,F
1346,45,LP_LP2,LP_LP,LP,LP,1,F
1347,45,LP_LP2,LP_LP,LP,LP,1,F
1348,45,LP_LP2,LP_LP,LP,LP,1,F
2641,45,LP_LP1,LP_LP,LP,LP,1,M
2642,45,LP_LP1,LP_LP,LP,LP,1,M
2643,45,LP_LP1,LP_LP,LP,LP,1,M
2651,45,LP_LP2,LP_LP,LP,LP,1,M
2652,45,LP_LP2,LP_LP,LP,LP,1,M
2653,45,LP_LP2,LP_LP,LP,LP,1,M
3051,45,LP_LP1,LP_LP,LP,LP,0,M
1401,47,HP_HP1,HP_HP,HP,HP,1,F
1449,47,HP_HP2,HP_HP,HP,HP,1,F
1450,47,HP_HP2,HP_HP,HP,HP,1,F
1451,47,HP_HP2,HP_HP,HP,HP,1,F
1452,47,HP_HP2,HP_HP,HP,HP,1,F
1453,47,HP_HP2,HP_HP,HP,HP,1,F
1454,47,HP_HP2,HP_HP,HP,HP,1,F
1455,47,HP_HP2,HP_HP,HP,HP,1,F
1456,47,HP_HP2,HP_HP,HP,HP,1,F
1457,47,HP_HP2,HP_HP,HP,HP,1,F
1458,47,HP_HP2,HP_HP,HP,HP,1,F
1459,47,HP_HP2,HP_HP,HP,HP,1,F
1883,47,HP_HP2,HP_HP,HP,HP,0,F
2675,47,HP_HP1,HP_HP,HP,HP,1,M
2694,47,HP_HP2,HP_HP,HP,HP,1,M
2695,47,HP_HP2,HP_HP,HP,HP,1,M
2696,47,HP_HP2,HP_HP,HP,HP,1,M
1402,47,HP_LP1,HP_LP,HP,LP,1,F
1403,47,HP_LP1,HP_LP,HP,LP,1,F
1404,47,HP_LP1,HP_LP,HP,LP,1,F
1433,47,HP_LP2,HP_LP,HP,LP,1,F
1434,47,HP_LP2,HP_LP,HP,LP,1,F
1435,47,HP_LP2,HP_LP,HP,LP,1,F
1436,47,HP_LP2,HP_LP,HP,LP,1,F
1437,47,HP_LP2,HP_LP,HP,LP,1,F
1438,47,HP_LP2,HP_LP,HP,LP,1,F
1439,47,HP_LP2,HP_LP,HP,LP,1,F
1440,47,HP_LP2,HP_LP,HP,LP,1,F
1441,47,HP_LP2,HP_LP,HP,LP,1,F
1442,47,HP_LP2,HP_LP,HP,LP,1,F
1443,47,HP_LP2,HP_LP,HP,LP,1,F
1444,47,HP_LP2,HP_LP,HP,LP,1,F
1445,47,HP_LP2,HP_LP,HP,LP,1,F
1446,47,HP_LP2,HP_LP,HP,LP,1,F
1447,47,HP_LP2,HP_LP,HP,LP,1,F
1448,47,HP_LP2,HP_LP,HP,LP,1,F
1879,47,HP_LP1,HP_LP,HP,LP,0,F
1880,47,HP_LP1,HP_LP,HP,LP,0,F
1881,47,HP_LP1,HP_LP,HP,LP,0,F
1882,47,HP_LP2,HP_LP,HP,LP,0,F
2676,47,HP_LP1,HP_LP,HP,LP,1,M
2677,47,HP_LP1,HP_LP,HP,LP,1,M
2678,47,HP_LP1,HP_LP,HP,LP,1,M
2690,47,HP_LP2,HP_LP,HP,LP,1,M
2691,47,HP_LP2,HP_LP,HP,LP,1,M
2692,47,HP_LP2,HP_LP,HP,LP,1,M
2693,47,HP_LP2,HP_LP,HP,LP,1,M
3059,47,HP_LP1,HP_LP,HP,LP,0,M
3060,47,HP_LP1,HP_LP,HP,LP,0,M
3061,47,HP_LP1,HP_LP,HP,LP,0,M
3063,47,HP_LP2,HP_LP,HP,LP,0,M
3064,47,HP_LP2,HP_LP,HP,LP,0,M
1377,47,LP_HP1,LP_HP,LP,HP,1,F
1378,47,LP_HP1,LP_HP,LP,HP,1,F
1379,47,LP_HP1,LP_HP,LP,HP,1,F
1380,47,LP_HP1,LP_HP,LP,HP,1,F
1381,47,LP_HP1,LP_HP,LP,HP,1,F
1382,47,LP_HP1,LP_HP,LP,HP,1,F
1383,47,LP_HP1,LP_HP,LP,HP,1,F
1384,47,LP_HP1,LP_HP,LP,HP,1,F
1385,47,LP_HP1,LP_HP,LP,HP,1,F
1386,47,LP_HP1,LP_HP,LP,HP,1,F
1387,47,LP_HP1,LP_HP,LP,HP,1,F
1388,47,LP_HP1,LP_HP,LP,HP,1,F
1389,47,LP_HP1,LP_HP,LP,HP,1,F
1390,47,LP_HP1,LP_HP,LP,HP,1,F
1391,47,LP_HP1,LP_HP,LP,HP,1,F
1392,47,LP_HP1,LP_HP,LP,HP,1,F
1393,47,LP_HP1,LP_HP,LP,HP,1,F
1394,47,LP_HP1,LP_HP,LP,HP,1,F
1395,47,LP_HP1,LP_HP,LP,HP,1,F
1396,47,LP_HP1,LP_HP,LP,HP,1,F
1397,47,LP_HP1,LP_HP,LP,HP,1,F
1398,47,LP_HP1,LP_HP,LP,HP,1,F
1399,47,LP_HP1,LP_HP,LP,HP,1,F
1400,47,LP_HP1,LP_HP,LP,HP,1,F
1422,47,LP_HP2,LP_HP,LP,HP,1,F
1423,47,LP_HP2,LP_HP,LP,HP,1,F
1424,47,LP_HP2,LP_HP,LP,HP,1,F
1425,47,LP_HP2,LP_HP,LP,HP,1,F
1426,47,LP_HP2,LP_HP,LP,HP,1,F
1427,47,LP_HP2,LP_HP,LP,HP,1,F
1428,47,LP_HP2,LP_HP,LP,HP,1,F
1429,47,LP_HP2,LP_HP,LP,HP,1,F
1430,47,LP_HP2,LP_HP,LP,HP,1,F
1431,47,LP_HP2,LP_HP,LP,HP,1,F
1432,47,LP_HP2,LP_HP,LP,HP,1,F
1878,47,LP_HP1,LP_HP,LP,HP,0,F
2673,47,LP_HP1,LP_HP,LP,HP,1,M
2674,47,LP_HP1,LP_HP,LP,HP,1,M
2684,47,LP_HP2,LP_HP,LP,HP,1,M
2685,47,LP_HP2,LP_HP,LP,HP,1,M
2686,47,LP_HP2,LP_HP,LP,HP,1,M
2687,47,LP_HP2,LP_HP,LP,HP,1,M
2688,47,LP_HP2,LP_HP,LP,HP,1,M
2689,47,LP_HP2,LP_HP,LP,HP,1,M
3062,47,LP_HP2,LP_HP,LP,HP,0,M
1372,47,LP_LP1,LP_LP,LP,LP,1,F
1373,47,LP_LP1,LP_LP,LP,LP,1,F
1374,47,LP_LP1,LP_LP,LP,LP,1,F
1375,47,LP_LP1,LP_LP,LP,LP,1,F
1376,47,LP_LP1,LP_LP,LP,LP,1,F
1405,47,LP_LP2,LP_LP,LP,LP,1,F
1406,47,LP_LP2,LP_LP,LP,LP,1,F
1407,47,LP_LP2,LP_LP,LP,LP,1,F
1408,47,LP_LP2,LP_LP,LP,LP,1,F
1409,47,LP_LP2,LP_LP,LP,LP,1,F
1410,47,LP_LP2,LP_LP,LP,LP,1,F
1411,47,LP_LP2,LP_LP,LP,LP,1,F
1412,47,LP_LP2,LP_LP,LP,LP,1,F
1413,47,LP_LP2,LP_LP,LP,LP,1,F
1414,47,LP_LP2,LP_LP,LP,LP,1,F
1415,47,LP_LP2,LP_LP,LP,LP,1,F
1416,47,LP_LP2,LP_LP,LP,LP,1,F
1417,47,LP_LP2,LP_LP,LP,LP,1,F
1418,47,LP_LP2,LP_LP,LP,LP,1,F
1419,47,LP_LP2,LP_LP,LP,LP,1,F
1420,47,LP_LP2,LP_LP,LP,LP,1,F
1421,47,LP_LP2,LP_LP,LP,LP,1,F
1877,47,LP_LP1,LP_LP,LP,LP,0,F
2671,47,LP_LP1,LP_LP,LP,LP,1,M
2672,47,LP_LP1,LP_LP,LP,LP,1,M
2679,47,LP_LP2,LP_LP,LP,LP,1,M
2680,47,LP_LP2,LP_LP,LP,LP,1,M
2681,47,LP_LP2,LP_LP,LP,LP,1,M
2682,47,LP_LP2,LP_LP,LP,LP,1,M
2683,47,LP_LP2,LP_LP,LP,LP,1,M
3058,47,LP_LP1,LP_LP,LP,LP,0,M
1476,50,HP_HP1,HP_HP,HP,HP,1,F
1477,50,HP_HP1,HP_HP,HP,HP,1,F
1478,50,HP_HP1,HP_HP,HP,HP,1,F
1479,50,HP_HP1,HP_HP,HP,HP,1,F
1480,50,HP_HP1,HP_HP,HP,HP,1,F
1481,50,HP_HP1,HP_HP,HP,HP,1,F
1482,50,HP_HP1,HP_HP,HP,HP,1,F
1483,50,HP_HP1,HP_HP,HP,HP,1,F
1529,50,HP_HP2,HP_HP,HP,HP,1,F
1530,50,HP_HP2,HP_HP,HP,HP,1,F
1531,50,HP_HP2,HP_HP,HP,HP,1,F
1532,50,HP_HP2,HP_HP,HP,HP,1,F
1533,50,HP_HP2,HP_HP,HP,HP,1,F
1534,50,HP_HP2,HP_HP,HP,HP,1,F
1535,50,HP_HP2,HP_HP,HP,HP,1,F
1536,50,HP_HP2,HP_HP,HP,HP,1,F
1537,50,HP_HP2,HP_HP,HP,HP,1,F
1538,50,HP_HP2,HP_HP,HP,HP,1,F
1539,50,HP_HP2,HP_HP,HP,HP,1,F
1540,50,HP_HP2,HP_HP,HP,HP,1,F
1541,50,HP_HP2,HP_HP,HP,HP,1,F
1542,50,HP_HP2,HP_HP,HP,HP,1,F
1543,50,HP_HP2,HP_HP,HP,HP,1,F
1544,50,HP_HP2,HP_HP,HP,HP,1,F
1885,50,HP_HP1,HP_HP,HP,HP,0,F
2703,50,HP_HP1,HP_HP,HP,HP,1,M
2704,50,HP_HP1,HP_HP,HP,HP,1,M
2705,50,HP_HP1,HP_HP,HP,HP,1,M
2706,50,HP_HP1,HP_HP,HP,HP,1,M
2735,50,HP_HP2,HP_HP,HP,HP,1,M
2736,50,HP_HP2,HP_HP,HP,HP,1,M
2737,50,HP_HP2,HP_HP,HP,HP,1,M
1484,50,HP_LP1,HP_LP,HP,LP,1,F
1485,50,HP_LP1,HP_LP,HP,LP,1,F
1486,50,HP_LP1,HP_LP,HP,LP,1,F
1522,50,HP_LP2,HP_LP,HP,LP,1,F
1523,50,HP_LP2,HP_LP,HP,LP,1,F
1524,50,HP_LP2,HP_LP,HP,LP,1,F
1525,50,HP_LP2,HP_LP,HP,LP,1,F
1526,50,HP_LP2,HP_LP,HP,LP,1,F
1527,50,HP_LP2,HP_LP,HP,LP,1,F
1528,50,HP_LP2,HP_LP,HP,LP,1,F
1886,50,HP_LP1,HP_LP,HP,LP,0,F
1891,50,HP_LP2,HP_LP,HP,LP,0,F
1892,50,HP_LP2,HP_LP,HP,LP,0,F
2707,50,HP_LP1,HP_LP,HP,LP,1,M
2708,50,HP_LP1,HP_LP,HP,LP,1,M
2724,50,HP_LP2,HP_LP,HP,LP,1,M
2725,50,HP_LP2,HP_LP,HP,LP,1,M
2726,50,HP_LP2,HP_LP,HP,LP,1,M
2727,50,HP_LP2,HP_LP,HP,LP,1,M
2728,50,HP_LP2,HP_LP,HP,LP,1,M
2729,50,HP_LP2,HP_LP,HP,LP,1,M
2730,50,HP_LP2,HP_LP,HP,LP,1,M
2731,50,HP_LP2,HP_LP,HP,LP,1,M
2732,50,HP_LP2,HP_LP,HP,LP,1,M
2733,50,HP_LP2,HP_LP,HP,LP,1,M
2734,50,HP_LP2,HP_LP,HP,LP,1,M
3070,50,HP_LP2,HP_LP,HP,LP,0,M
1470,50,LP_HP1,LP_HP,LP,HP,1,F
1471,50,LP_HP1,LP_HP,LP,HP,1,F
1472,50,LP_HP1,LP_HP,LP,HP,1,F
1473,50,LP_HP1,LP_HP,LP,HP,1,F
1474,50,LP_HP1,LP_HP,LP,HP,1,F
1475,50,LP_HP1,LP_HP,LP,HP,1,F
1505,50,LP_HP2,LP_HP,LP,HP,1,F
1506,50,LP_HP2,LP_HP,LP,HP,1,F
1507,50,LP_HP2,LP_HP,LP,HP,1,F
1508,50,LP_HP2,LP_HP,LP,HP,1,F
1509,50,LP_HP2,LP_HP,LP,HP,1,F
1510,50,LP_HP2,LP_HP,LP,HP,1,F
1511,50,LP_HP2,LP_HP,LP,HP,1,F
1512,50,LP_HP2,LP_HP,LP,HP,1,F
1513,50,LP_HP2,LP_HP,LP,HP,1,F
1514,50,LP_HP2,LP_HP,LP,HP,1,F
1515,50,LP_HP2,LP_HP,LP,HP,1,F
1516,50,LP_HP2,LP_HP,LP,HP,1,F
1517,50,LP_HP2,LP_HP,LP,HP,1,F
1518,50,LP_HP2,LP_HP,LP,HP,1,F
1519,50,LP_HP2,LP_HP,LP,HP,1,F
1520,50,LP_HP2,LP_HP,LP,HP,1,F
1521,50,LP_HP2,LP_HP,LP,HP,1,F
1888,50,LP_HP2,LP_HP,LP,HP,0,F
1889,50,LP_HP2,LP_HP,LP,HP,0,F
1890,50,LP_HP2,LP_HP,LP,HP,0,F
2701,50,LP_HP1,LP_HP,LP,HP,1,M
2702,50,LP_HP1,LP_HP,LP,HP,1,M
2716,50,LP_HP2,LP_HP,LP,HP,1,M
2717,50,LP_HP2,LP_HP,LP,HP,1,M
2718,50,LP_HP2,LP_HP,LP,HP,1,M
2719,50,LP_HP2,LP_HP,LP,HP,1,M
2720,50,LP_HP2,LP_HP,LP,HP,1,M
2721,50,LP_HP2,LP_HP,LP,HP,1,M
2722,50,LP_HP2,LP_HP,LP,HP,1,M
2723,50,LP_HP2,LP_HP,LP,HP,1,M
3068,50,LP_HP2,LP_HP,LP,HP,0,M
3069,50,LP_HP2,LP_HP,LP,HP,0,M
1460,50,LP_LP1,LP_LP,LP,LP,1,F
1461,50,LP_LP1,LP_LP,LP,LP,1,F
1462,50,LP_LP1,LP_LP,LP,LP,1,F
1463,50,LP_LP1,LP_LP,LP,LP,1,F
1464,50,LP_LP1,LP_LP,LP,LP,1,F
1465,50,LP_LP1,LP_LP,LP,LP,1,F
1466,50,LP_LP1,LP_LP,LP,LP,1,F
1467,50,LP_LP1,LP_LP,LP,LP,1,F
1468,50,LP_LP1,LP_LP,LP,LP,1,F
1469,50,LP_LP1,LP_LP,LP,LP,1,F
1487,50,LP_LP2,LP_LP,LP,LP,1,F
1488,50,LP_LP2,LP_LP,LP,LP,1,F
1489,50,LP_LP2,LP_LP,LP,LP,1,F
1490,50,LP_LP2,LP_LP,LP,LP,1,F
1491,50,LP_LP2,LP_LP,LP,LP,1,F
1492,50,LP_LP2,LP_LP,LP,LP,1,F
1493,50,LP_LP2,LP_LP,LP,LP,1,F
1494,50,LP_LP2,LP_LP,LP,LP,1,F
1495,50,LP_LP2,LP_LP,LP,LP,1,F
1496,50,LP_LP2,LP_LP,LP,LP,1,F
1497,50,LP_LP2,LP_LP,LP,LP,1,F
1498,50,LP_LP2,LP_LP,LP,LP,1,F
1499,50,LP_LP2,LP_LP,LP,LP,1,F
1500,50,LP_LP2,LP_LP,LP,LP,1,F
1501,50,LP_LP2,LP_LP,LP,LP,1,F
1502,50,LP_LP2,LP_LP,LP,LP,1,F
1503,50,LP_LP2,LP_LP,LP,LP,1,F
1504,50,LP_LP2,LP_LP,LP,LP,1,F
1884,50,LP_LP1,LP_LP,LP,LP,0,F
1887,50,LP_LP2,LP_LP,LP,LP,0,F
2697,50,LP_LP1,LP_LP,LP,LP,1,M
2698,50,LP_LP1,LP_LP,LP,LP,1,M
2699,50,LP_LP1,LP_LP,LP,LP,1,M
2700,50,LP_LP1,LP_LP,LP,LP,1,M
2709,50,LP_LP2,LP_LP,LP,LP,1,M
2710,50,LP_LP2,LP_LP,LP,LP,1,M
2711,50,LP_LP2,LP_LP,LP,LP,1,M
2712,50,LP_LP2,LP_LP,LP,LP,1,M
2713,50,LP_LP2,LP_LP,LP,LP,1,M
2714,50,LP_LP2,LP_LP,LP,LP,1,M
2715,50,LP_LP2,LP_LP,LP,LP,1,M
3065,50,LP_LP1,LP_LP,LP,LP,0,M
3066,50,LP_LP1,LP_LP,LP,LP,0,M
3067,50,LP_LP2,LP_LP,LP,LP,0,M
1556,52,HP_HP1,HP_HP,HP,HP,1,F
1557,52,HP_HP1,HP_HP,HP,HP,1,F
1558,52,HP_HP1,HP_HP,HP,HP,1,F
1559,52,HP_HP1,HP_HP,HP,HP,1,F
1560,52,HP_HP1,HP_HP,HP,HP,1,F
1585,52,HP_HP2,HP_HP,HP,HP,1,F
1586,52,HP_HP2,HP_HP,HP,HP,1,F
1587,52,HP_HP2,HP_HP,HP,HP,1,F
1588,52,HP_HP2,HP_HP,HP,HP,1,F
1589,52,HP_HP2,HP_HP,HP,HP,1,F
1896,52,HP_HP1,HP_HP,HP,HP,0,F
2743,52,HP_HP1,HP_HP,HP,HP,1,M
2744,52,HP_HP1,HP_HP,HP,HP,1,M
2745,52,HP_HP1,HP_HP,HP,HP,1,M
2746,52,HP_HP1,HP_HP,HP,HP,1,M
2760,52,HP_HP2,HP_HP,HP,HP,1,M
2761,52,HP_HP2,HP_HP,HP,HP,1,M
2762,52,HP_HP2,HP_HP,HP,HP,1,M
2763,52,HP_HP2,HP_HP,HP,HP,1,M
2764,52,HP_HP2,HP_HP,HP,HP,1,M
2765,52,HP_HP2,HP_HP,HP,HP,1,M
3074,52,HP_HP1,HP_HP,HP,HP,0,M
3075,52,HP_HP1,HP_HP,HP,HP,0,M
1561,52,HP_LP1,HP_LP,HP,LP,1,F
1562,52,HP_LP1,HP_LP,HP,LP,1,F
1563,52,HP_LP1,HP_LP,HP,LP,1,F
1564,52,HP_LP1,HP_LP,HP,LP,1,F
1578,52,HP_LP2,HP_LP,HP,LP,1,F
1579,52,HP_LP2,HP_LP,HP,LP,1,F
1580,52,HP_LP2,HP_LP,HP,LP,1,F
1581,52,HP_LP2,HP_LP,HP,LP,1,F
1582,52,HP_LP2,HP_LP,HP,LP,1,F
1583,52,HP_LP2,HP_LP,HP,LP,1,F
1584,52,HP_LP2,HP_LP,HP,LP,1,F
2755,52,HP_LP2,HP_LP,HP,LP,1,M
2756,52,HP_LP2,HP_LP,HP,LP,1,M
2757,52,HP_LP2,HP_LP,HP,LP,1,M
2758,52,HP_LP2,HP_LP,HP,LP,1,M
2759,52,HP_LP2,HP_LP,HP,LP,1,M
1550,52,LP_HP1,LP_HP,LP,HP,1,F
1551,52,LP_HP1,LP_HP,LP,HP,1,F
1552,52,LP_HP1,LP_HP,LP,HP,1,F
1553,52,LP_HP1,LP_HP,LP,HP,1,F
1554,52,LP_HP1,LP_HP,LP,HP,1,F
1555,52,LP_HP1,LP_HP,LP,HP,1,F
1574,52,LP_HP2,LP_HP,LP,HP,1,F
1575,52,LP_HP2,LP_HP,LP,HP,1,F
1576,52,LP_HP2,LP_HP,LP,HP,1,F
1577,52,LP_HP2,LP_HP,LP,HP,1,F
1895,52,LP_HP1,LP_HP,LP,HP,0,F
1900,52,LP_HP2,LP_HP,LP,HP,0,F
1901,52,LP_HP2,LP_HP,LP,HP,0,F
2738,52,LP_HP1,LP_HP,LP,HP,1,M
2739,52,LP_HP1,LP_HP,LP,HP,1,M
2740,52,LP_HP1,LP_HP,LP,HP,1,M
2741,52,LP_HP1,LP_HP,LP,HP,1,M
2742,52,LP_HP1,LP_HP,LP,HP,1,M
2752,52,LP_HP2,LP_HP,LP,HP,1,M
2753,52,LP_HP2,LP_HP,LP,HP,1,M
2754,52,LP_HP2,LP_HP,LP,HP,1,M
3072,52,LP_HP1,LP_HP,LP,HP,0,M
3073,52,LP_HP1,LP_HP,LP,HP,0,M
3078,52,LP_HP2,LP_HP,LP,HP,0,M
3079,52,LP_HP2,LP_HP,LP,HP,0,M
3080,52,LP_HP2,LP_HP,LP,HP,0,M
3081,52,LP_HP2,LP_HP,LP,HP,0,M
1545,52,LP_LP1,LP_LP,LP,LP,1,F
1546,52,LP_LP1,LP_LP,LP,LP,1,F
1547,52,LP_LP1,LP_LP,LP,LP,1,F
1548,52,LP_LP1,LP_LP,LP,LP,1,F
1549,52,LP_LP1,LP_LP,LP,LP,1,F
1565,52,LP_LP2,LP_LP,LP,LP,1,F
1566,52,LP_LP2,LP_LP,LP,LP,1,F
1567,52,LP_LP2,LP_LP,LP,LP,1,F
1568,52,LP_LP2,LP_LP,LP,LP,1,F
1569,52,LP_LP2,LP_LP,LP,LP,1,F
1570,52,LP_LP2,LP_LP,LP,LP,1,F
1571,52,LP_LP2,LP_LP,LP,LP,1,F
1572,52,LP_LP2,LP_LP,LP,LP,1,F
1573,52,LP_LP2,LP_LP,LP,LP,1,F
1893,52,LP_LP1,LP_LP,LP,LP,0,F
1894,52,LP_LP1,LP_LP,LP,LP,0,F
1897,52,LP_LP2,LP_LP,LP,LP,0,F
1898,52,LP_LP2,LP_LP,LP,LP,0,F
1899,52,LP_LP2,LP_LP,LP,LP,0,F
2747,52,LP_LP2,LP_LP,LP,LP,1,M
2748,52,LP_LP2,LP_LP,LP,LP,1,M
2749,52,LP_LP2,LP_LP,LP,LP,1,M
2750,52,LP_LP2,LP_LP,LP,LP,1,M
2751,52,LP_LP2,LP_LP,LP,LP,1,M
3071,52,LP_LP1,LP_LP,LP,LP,0,M
3076,52,LP_LP2,LP_LP,LP,LP,0,M
3077,52,LP_LP2,LP_LP,LP,LP,0,M
1592,54,HP_HP1,HP_HP,HP,HP,1,F
1593,54,HP_HP1,HP_HP,HP,HP,1,F
1616,54,HP_HP2,HP_HP,HP,HP,1,F
1617,54,HP_HP2,HP_HP,HP,HP,1,F
1618,54,HP_HP2,HP_HP,HP,HP,1,F
1619,54,HP_HP2,HP_HP,HP,HP,1,F
1906,54,HP_HP1,HP_HP,HP,HP,0,F
2768,54,HP_HP1,HP_HP,HP,HP,1,M
2769,54,HP_HP1,HP_HP,HP,HP,1,M
2770,54,HP_HP1,HP_HP,HP,HP,1,M
2771,54,HP_HP1,HP_HP,HP,HP,1,M
1608,54,HP_LP2,HP_LP,HP,LP,1,F
1609,54,HP_LP2,HP_LP,HP,LP,1,F
1610,54,HP_LP2,HP_LP,HP,LP,1,F
1611,54,HP_LP2,HP_LP,HP,LP,1,F
1612,54,HP_LP2,HP_LP,HP,LP,1,F
1613,54,HP_LP2,HP_LP,HP,LP,1,F
1614,54,HP_LP2,HP_LP,HP,LP,1,F
1615,54,HP_LP2,HP_LP,HP,LP,1,F
1907,54,HP_LP1,HP_LP,HP,LP,0,F
2772,54,HP_LP1,HP_LP,HP,LP,1,M
2779,54,HP_LP2,HP_LP,HP,LP,1,M
2780,54,HP_LP2,HP_LP,HP,LP,1,M
3088,54,HP_LP1,HP_LP,HP,LP,0,M
3089,54,HP_LP1,HP_LP,HP,LP,0,M
3091,54,HP_LP2,HP_LP,HP,LP,0,M
1591,54,LP_HP1,LP_HP,LP,HP,1,F
1599,54,LP_HP2,LP_HP,LP,HP,1,F
1600,54,LP_HP2,LP_HP,LP,HP,1,F
1601,54,LP_HP2,LP_HP,LP,HP,1,F
1602,54,LP_HP2,LP_HP,LP,HP,1,F
1603,54,LP_HP2,LP_HP,LP,HP,1,F
1604,54,LP_HP2,LP_HP,LP,HP,1,F
1605,54,LP_HP2,LP_HP,LP,HP,1,F
1606,54,LP_HP2,LP_HP,LP,HP,1,F
1607,54,LP_HP2,LP_HP,LP,HP,1,F
1903,54,LP_HP1,LP_HP,LP,HP,0,F
1904,54,LP_HP1,LP_HP,LP,HP,0,F
1905,54,LP_HP1,LP_HP,LP,HP,0,F
2777,54,LP_HP2,LP_HP,LP,HP,1,M
2778,54,LP_HP2,LP_HP,LP,HP,1,M
3084,54,LP_HP1,LP_HP,LP,HP,0,M
3085,54,LP_HP1,LP_HP,LP,HP,0,M
3086,54,LP_HP1,LP_HP,LP,HP,0,M
3087,54,LP_HP1,LP_HP,LP,HP,0,M
1590,54,LP_LP1,LP_LP,LP,LP,1,F
1594,54,LP_LP2,LP_LP,LP,LP,1,F
1595,54,LP_LP2,LP_LP,LP,LP,1,F
1596,54,LP_LP2,LP_LP,LP,LP,1,F
1597,54,LP_LP2,LP_LP,LP,LP,1,F
1598,54,LP_LP2,LP_LP,LP,LP,1,F
1902,54,LP_LP1,LP_LP,LP,LP,0,F
2766,54,LP_LP1,LP_LP,LP,LP,1,M
2767,54,LP_LP1,LP_LP,LP,LP,1,M
2773,54,LP_LP2,LP_LP,LP,LP,1,M
2774,54,LP_LP2,LP_LP,LP,LP,1,M
2775,54,LP_LP2,LP_LP,LP,LP,1,M
2776,54,LP_LP2,LP_LP,LP,LP,1,M
3082,54,LP_LP1,LP_LP,LP,LP,0,M
3083,54,LP_LP1,LP_LP,LP,LP,0,M
3090,54,LP_LP2,LP_LP,LP,LP,0,M
1627,57,HP_HP1,HP_HP,HP,HP,1,F
1628,57,HP_HP1,HP_HP,HP,HP,1,F
1629,57,HP_HP1,HP_HP,HP,HP,1,F
1630,57,HP_HP1,HP_HP,HP,HP,1,F
1631,57,HP_HP1,HP_HP,HP,HP,1,F
1632,57,HP_HP1,HP_HP,HP,HP,1,F
1633,57,HP_HP1,HP_HP,HP,HP,1,F
1634,57,HP_HP1,HP_HP,HP,HP,1,F
1635,57,HP_HP1,HP_HP,HP,HP,1,F
1636,57,HP_HP1,HP_HP,HP,HP,1,F
1637,57,HP_HP1,HP_HP,HP,HP,1,F
1659,57,HP_HP2,HP_HP,HP,HP,1,F
1660,57,HP_HP2,HP_HP,HP,HP,1,F
1661,57,HP_HP2,HP_HP,HP,HP,1,F
1662,57,HP_HP2,HP_HP,HP,HP,1,F
1663,57,HP_HP2,HP_HP,HP,HP,1,F
1909,57,HP_HP1,HP_HP,HP,HP,0,F
2784,57,HP_HP1,HP_HP,HP,HP,1,M
2785,57,HP_HP1,HP_HP,HP,HP,1,M
2786,57,HP_HP1,HP_HP,HP,HP,1,M
2787,57,HP_HP1,HP_HP,HP,HP,1,M
2788,57,HP_HP1,HP_HP,HP,HP,1,M
2789,57,HP_HP1,HP_HP,HP,HP,1,M
2790,57,HP_HP1,HP_HP,HP,HP,1,M
2791,57,HP_HP1,HP_HP,HP,HP,1,M
2792,57,HP_HP1,HP_HP,HP,HP,1,M
2793,57,HP_HP1,HP_HP,HP,HP,1,M
2794,57,HP_HP1,HP_HP,HP,HP,1,M
2795,57,HP_HP1,HP_HP,HP,HP,1,M
2796,57,HP_HP1,HP_HP,HP,HP,1,M
2797,57,HP_HP1,HP_HP,HP,HP,1,M
2808,57,HP_HP2,HP_HP,HP,HP,1,M
2809,57,HP_HP2,HP_HP,HP,HP,1,M
3092,57,HP_HP1,HP_HP,HP,HP,0,M
3101,57,HP_HP2,HP_HP,HP,HP,0,M
1638,57,HP_LP1,HP_LP,HP,LP,1,F
1639,57,HP_LP1,HP_LP,HP,LP,1,F
1650,57,HP_LP2,HP_LP,HP,LP,1,F
1651,57,HP_LP2,HP_LP,HP,LP,1,F
1652,57,HP_LP2,HP_LP,HP,LP,1,F
1653,57,HP_LP2,HP_LP,HP,LP,1,F
1654,57,HP_LP2,HP_LP,HP,LP,1,F
1655,57,HP_LP2,HP_LP,HP,LP,1,F
1656,57,HP_LP2,HP_LP,HP,LP,1,F
1657,57,HP_LP2,HP_LP,HP,LP,1,F
1658,57,HP_LP2,HP_LP,HP,LP,1,F
1916,57,HP_LP2,HP_LP,HP,LP,0,F
1917,57,HP_LP2,HP_LP,HP,LP,0,F
2798,57,HP_LP1,HP_LP,HP,LP,1,M
2799,57,HP_LP1,HP_LP,HP,LP,1,M
2800,57,HP_LP1,HP_LP,HP,LP,1,M
2805,57,HP_LP2,HP_LP,HP,LP,1,M
2806,57,HP_LP2,HP_LP,HP,LP,1,M
2807,57,HP_LP2,HP_LP,HP,LP,1,M
3100,57,HP_LP2,HP_LP,HP,LP,0,M
1625,57,LP_HP1,LP_HP,LP,HP,1,F
1626,57,LP_HP1,LP_HP,LP,HP,1,F
1644,57,LP_HP2,LP_HP,LP,HP,1,F
1645,57,LP_HP2,LP_HP,LP,HP,1,F
1646,57,LP_HP2,LP_HP,LP,HP,1,F
1647,57,LP_HP2,LP_HP,LP,HP,1,F
1648,57,LP_HP2,LP_HP,LP,HP,1,F
1649,57,LP_HP2,LP_HP,LP,HP,1,F
1908,57,LP_HP1,LP_HP,LP,HP,0,F
1914,57,LP_HP2,LP_HP,LP,HP,0,F
1915,57,LP_HP2,LP_HP,LP,HP,0,F
2783,57,LP_HP1,LP_HP,LP,HP,1,M
2803,57,LP_HP2,LP_HP,LP,HP,1,M
2804,57,LP_HP2,LP_HP,LP,HP,1,M
3098,57,LP_HP2,LP_HP,LP,HP,0,M
3099,57,LP_HP2,LP_HP,LP,HP,0,M
1620,57,LP_LP1,LP_LP,LP,LP,1,F
1621,57,LP_LP1,LP_LP,LP,LP,1,F
1622,57,LP_LP1,LP_LP,LP,LP,1,F
1623,57,LP_LP1,LP_LP,LP,LP,1,F
1624,57,LP_LP1,LP_LP,LP,LP,1,F
1640,57,LP_LP2,LP_LP,LP,LP,1,F
1641,57,LP_LP2,LP_LP,LP,LP,1,F
1642,57,LP_LP2,LP_LP,LP,LP,1,F
1643,57,LP_LP2,LP_LP,LP,LP,1,F
1910,57,LP_LP2,LP_LP,LP,LP,0,F
1911,57,LP_LP2,LP_LP,LP,LP,0,F
1912,57,LP_LP2,LP_LP,LP,LP,0,F
1913,57,LP_LP2,LP_LP,LP,LP,0,F
2781,57,LP_LP1,LP_LP,LP,LP,1,M
2782,57,LP_LP1,LP_LP,LP,LP,1,M
2801,57,LP_LP2,LP_LP,LP,LP,1,M
2802,57,LP_LP2,LP_LP,LP,LP,1,M
3093,57,LP_LP2,LP_LP,LP,LP,0,M
3094,57,LP_LP2,LP_LP,LP,LP,0,M
3095,57,LP_LP2,LP_LP,LP,LP,0,M
3096,57,LP_LP2,LP_LP,LP,LP,0,M
3097,57,LP_LP2,LP_LP,LP,LP,0,M
1668,59,HP_HP1,HP_HP,HP,HP,1,F
1684,59,HP_HP2,HP_HP,HP,HP,1,F
1685,59,HP_HP2,HP_HP,HP,HP,1,F
1926,59,HP_HP2,HP_HP,HP,HP,0,F
1927,59,HP_HP2,HP_HP,HP,HP,0,F
2810,59,HP_HP1,HP_HP,HP,HP,1,M
2824,59,HP_HP2,HP_HP,HP,HP,1,M
2825,59,HP_HP2,HP_HP,HP,HP,1,M
3110,59,HP_HP2,HP_HP,HP,HP,0,M
1669,59,HP_LP1,HP_LP,HP,LP,1,F
1670,59,HP_LP1,HP_LP,HP,LP,1,F
1671,59,HP_LP1,HP_LP,HP,LP,1,F
1681,59,HP_LP2,HP_LP,HP,LP,1,F
1682,59,HP_LP2,HP_LP,HP,LP,1,F
1683,59,HP_LP2,HP_LP,HP,LP,1,F
2811,59,HP_LP1,HP_LP,HP,LP,1,M
2812,59,HP_LP1,HP_LP,HP,LP,1,M
2822,59,HP_LP2,HP_LP,HP,LP,1,M
2823,59,HP_LP2,HP_LP,HP,LP,1,M
1667,59,LP_HP1,LP_HP,LP,HP,1,F
1677,59,LP_HP2,LP_HP,LP,HP,1,F
1678,59,LP_HP2,LP_HP,LP,HP,1,F
1679,59,LP_HP2,LP_HP,LP,HP,1,F
1680,59,LP_HP2,LP_HP,LP,HP,1,F
1918,59,LP_HP1,LP_HP,LP,HP,0,F
1919,59,LP_HP1,LP_HP,LP,HP,0,F
1920,59,LP_HP2,LP_HP,LP,HP,0,F
1921,59,LP_HP2,LP_HP,LP,HP,0,F
1922,59,LP_HP2,LP_HP,LP,HP,0,F
1923,59,LP_HP2,LP_HP,LP,HP,0,F
1924,59,LP_HP2,LP_HP,LP,HP,0,F
1925,59,LP_HP2,LP_HP,LP,HP,0,F
2819,59,LP_HP2,LP_HP,LP,HP,1,M
2820,59,LP_HP2,LP_HP,LP,HP,1,M
2821,59,LP_HP2,LP_HP,LP,HP,1,M
3102,59,LP_HP1,LP_HP,LP,HP,0,M
3103,59,LP_HP1,LP_HP,LP,HP,0,M
3104,59,LP_HP1,LP_HP,LP,HP,0,M
3105,59,LP_HP2,LP_HP,LP,HP,0,M
3106,59,LP_HP2,LP_HP,LP,HP,0,M
3107,59,LP_HP2,LP_HP,LP,HP,0,M
3108,59,LP_HP2,LP_HP,LP,HP,0,M
3109,59,LP_HP2,LP_HP,LP,HP,0,M
1664,59,LP_LP1,LP_LP,LP,LP,1,F
1665,59,LP_LP1,LP_LP,LP,LP,1,F
1666,59,LP_LP1,LP_LP,LP,LP,1,F
1672,59,LP_LP2,LP_LP,LP,LP,1,F
1673,59,LP_LP2,LP_LP,LP,LP,1,F
1674,59,LP_LP2,LP_LP,LP,LP,1,F
1675,59,LP_LP2,LP_LP,LP,LP,1,F
1676,59,LP_LP2,LP_LP,LP,LP,1,F
2813,59,LP_LP2,LP_LP,LP,LP,1,M
2814,59,LP_LP2,LP_LP,LP,LP,1,M
2815,59,LP_LP2,LP_LP,LP,LP,1,M
2816,59,LP_LP2,LP_LP,LP,LP,1,M
2817,59,LP_LP2,LP_LP,LP,LP,1,M
2818,59,LP_LP2,LP_LP,LP,LP,1,M
1693,61,HP_HP1,HP_HP,HP,HP,1,F
1694,61,HP_HP1,HP_HP,HP,HP,1,F
1695,61,HP_HP1,HP_HP,HP,HP,1,F
1696,61,HP_HP1,HP_HP,HP,HP,1,F
1697,61,HP_HP1,HP_HP,HP,HP,1,F
1698,61,HP_HP1,HP_HP,HP,HP,1,F
1715,61,HP_HP2,HP_HP,HP,HP,1,F
2829,61,HP_HP1,HP_HP,HP,HP,1,M
2838,61,HP_HP2,HP_HP,HP,HP,1,M
2839,61,HP_HP2,HP_HP,HP,HP,1,M
2840,61,HP_HP2,HP_HP,HP,HP,1,M
2841,61,HP_HP2,HP_HP,HP,HP,1,M
3112,61,HP_HP2,HP_HP,HP,HP,0,M
1699,61,HP_LP1,HP_LP,HP,LP,1,F
1707,61,HP_LP2,HP_LP,HP,LP,1,F
1708,61,HP_LP2,HP_LP,HP,LP,1,F
1709,61,HP_LP2,HP_LP,HP,LP,1,F
1710,61,HP_LP2,HP_LP,HP,LP,1,F
1711,61,HP_LP2,HP_LP,HP,LP,1,F
1712,61,HP_LP2,HP_LP,HP,LP,1,F
1713,61,HP_LP2,HP_LP,HP,LP,1,F
1714,61,HP_LP2,HP_LP,HP,LP,1,F
2835,61,HP_LP2,HP_LP,HP,LP,1,M
2836,61,HP_LP2,HP_LP,HP,LP,1,M
2837,61,HP_LP2,HP_LP,HP,LP,1,M
1691,61,LP_HP1,LP_HP,LP,HP,1,F
1692,61,LP_HP1,LP_HP,LP,HP,1,F
1703,61,LP_HP2,LP_HP,LP,HP,1,F
1704,61,LP_HP2,LP_HP,LP,HP,1,F
1705,61,LP_HP2,LP_HP,LP,HP,1,F
1706,61,LP_HP2,LP_HP,LP,HP,1,F
1928,61,LP_HP1,LP_HP,LP,HP,0,F
1929,61,LP_HP2,LP_HP,LP,HP,0,F
2833,61,LP_HP2,LP_HP,LP,HP,1,M
2834,61,LP_HP2,LP_HP,LP,HP,1,M
3111,61,LP_HP2,LP_HP,LP,HP,0,M
1686,61,LP_LP1,LP_LP,LP,LP,1,F
1687,61,LP_LP1,LP_LP,LP,LP,1,F
1688,61,LP_LP1,LP_LP,LP,LP,1,F
1689,61,LP_LP1,LP_LP,LP,LP,1,F
1690,61,LP_LP1,LP_LP,LP,LP,1,F
1700,61,LP_LP2,LP_LP,LP,LP,1,F
1701,61,LP_LP2,LP_LP,LP,LP,1,F
1702,61,LP_LP2,LP_LP,LP,LP,1,F
2826,61,LP_LP1,LP_LP,LP,LP,1,M
2827,61,LP_LP1,LP_LP,LP,LP,1,M
2828,61,LP_LP1,LP_LP,LP,LP,1,M
2830,61,LP_LP2,LP_LP,LP,LP,1,M
2831,61,LP_LP2,LP_LP,LP,LP,1,M
2832,61,LP_LP2,LP_LP,LP,LP,1,M
1723,64,HP_HP1,HP_HP,HP,HP,1,F
1724,64,HP_HP1,HP_HP,HP,HP,1,F
1748,64,HP_HP2,HP_HP,HP,HP,1,F
1749,64,HP_HP2,HP_HP,HP,HP,1,F
1750,64,HP_HP2,HP_HP,HP,HP,1,F
1937,64,HP_HP2,HP_HP,HP,HP,0,F
1938,64,HP_HP2,HP_HP,HP,HP,0,F
1939,64,HP_HP2,HP_HP,HP,HP,0,F
1940,64,HP_HP2,HP_HP,HP,HP,0,F
2849,64,HP_HP1,HP_HP,HP,HP,1,M
2850,64,HP_HP1,HP_HP,HP,HP,1,M
2865,64,HP_HP2,HP_HP,HP,HP,1,M
3118,64,HP_HP2,HP_HP,HP,HP,0,M
3119,64,HP_HP2,HP_HP,HP,HP,0,M
1725,64,HP_LP1,HP_LP,HP,LP,1,F
1726,64,HP_LP1,HP_LP,HP,LP,1,F
1727,64,HP_LP1,HP_LP,HP,LP,1,F
1739,64,HP_LP2,HP_LP,HP,LP,1,F
1740,64,HP_LP2,HP_LP,HP,LP,1,F
1741,64,HP_LP2,HP_LP,HP,LP,1,F
1742,64,HP_LP2,HP_LP,HP,LP,1,F
1743,64,HP_LP2,HP_LP,HP,LP,1,F
1744,64,HP_LP2,HP_LP,HP,LP,1,F
1745,64,HP_LP2,HP_LP,HP,LP,1,F
1746,64,HP_LP2,HP_LP,HP,LP,1,F
1747,64,HP_LP2,HP_LP,HP,LP,1,F
2851,64,HP_LP1,HP_LP,HP,LP,1,M
2852,64,HP_LP1,HP_LP,HP,LP,1,M
2853,64,HP_LP1,HP_LP,HP,LP,1,M
2861,64,HP_LP2,HP_LP,HP,LP,1,M
2862,64,HP_LP2,HP_LP,HP,LP,1,M
2863,64,HP_LP2,HP_LP,HP,LP,1,M
2864,64,HP_LP2,HP_LP,HP,LP,1,M
3115,64,HP_LP1,HP_LP,HP,LP,0,M
1721,64,LP_HP1,LP_HP,LP,HP,1,F
1722,64,LP_HP1,LP_HP,LP,HP,1,F
1735,64,LP_HP2,LP_HP,LP,HP,1,F
1736,64,LP_HP2,LP_HP,LP,HP,1,F
1737,64,LP_HP2,LP_HP,LP,HP,1,F
1738,64,LP_HP2,LP_HP,LP,HP,1,F
1932,64,LP_HP1,LP_HP,LP,HP,0,F
1933,64,LP_HP1,LP_HP,LP,HP,0,F
1936,64,LP_HP2,LP_HP,LP,HP,0,F
2845,64,LP_HP1,LP_HP,LP,HP,1,M
2846,64,LP_HP1,LP_HP,LP,HP,1,M
2847,64,LP_HP1,LP_HP,LP,HP,1,M
2848,64,LP_HP1,LP_HP,LP,HP,1,M
2859,64,LP_HP2,LP_HP,LP,HP,1,M
2860,64,LP_HP2,LP_HP,LP,HP,1,M
3114,64,LP_HP1,LP_HP,LP,HP,0,M
3117,64,LP_HP2,LP_HP,LP,HP,0,M
1716,64,LP_LP1,LP_LP,LP,LP,1,F
1717,64,LP_LP1,LP_LP,LP,LP,1,F
1718,64,LP_LP1,LP_LP,LP,LP,1,F
1719,64,LP_LP1,LP_LP,LP,LP,1,F
1720,64,LP_LP1,LP_LP,LP,LP,1,F
1728,64,LP_LP2,LP_LP,LP,LP,1,F
1729,64,LP_LP2,LP_LP,LP,LP,1,F
1730,64,LP_LP2,LP_LP,LP,LP,1,F
1731,64,LP_LP2,LP_LP,LP,LP,1,F
1732,64,LP_LP2,LP_LP,LP,LP,1,F
1733,64,LP_LP2,LP_LP,LP,LP,1,F
1734,64,LP_LP2,LP_LP,LP,LP,1,F
1930,64,LP_LP1,LP_LP,LP,LP,0,F
1931,64,LP_LP1,LP_LP,LP,LP,0,F
1934,64,LP_LP2,LP_LP,LP,LP,0,F
1935,64,LP_LP2,LP_LP,LP,LP,0,F
2842,64,LP_LP1,LP_LP,LP,LP,1,M
2843,64,LP_LP1,LP_LP,LP,LP,1,M
2844,64,LP_LP1,LP_LP,LP,LP,1,M
2854,64,LP_LP2,LP_LP,LP,LP,1,M
2855,64,LP_LP2,LP_LP,LP,LP,1,M
2856,64,LP_LP2,LP_LP,LP,LP,1,M
2857,64,LP_LP2,LP_LP,LP,LP,1,M
2858,64,LP_LP2,LP_LP,LP,LP,1,M
3113,64,LP_LP1,LP_LP,LP,LP,0,M
3116,64,LP_LP2,LP_LP,LP,LP,0,M
,66,HP_HP2,HP_HP,HP,HP,0,F
,66,HP_HP2,HP_HP,HP,HP,0,F
2876,66,HP_HP2,HP_HP,HP,HP,1,M
2877,66,HP_HP2,HP_HP,HP,HP,1,M
1761,66,HP_LP2,HP_LP,HP,LP,1,F
1762,66,HP_LP2,HP_LP,HP,LP,1,F
1763,66,HP_LP2,HP_LP,HP,LP,1,F
1941,66,HP_LP1,HP_LP,HP,LP,0,F
1942,66,HP_LP1,HP_LP,HP,LP,0,F
1943,66,HP_LP2,HP_LP,HP,LP,0,F
2868,66,HP_LP1,HP_LP,HP,LP,1,M
1751,66,LP_HP1,LP_HP,LP,HP,1,F
1752,66,LP_HP1,LP_HP,LP,HP,1,F
1757,66,LP_HP2,LP_HP,LP,HP,1,F
1758,66,LP_HP2,LP_HP,LP,HP,1,F
1759,66,LP_HP2,LP_HP,LP,HP,1,F
1760,66,LP_HP2,LP_HP,LP,HP,1,F
2867,66,LP_HP1,LP_HP,LP,HP,1,M
2874,66,LP_HP2,LP_HP,LP,HP,1,M
2875,66,LP_HP2,LP_HP,LP,HP,1,M
1753,66,LP_LP2,LP_LP,LP,LP,1,F
1754,66,LP_LP2,LP_LP,LP,LP,1,F
1755,66,LP_LP2,LP_LP,LP,LP,1,F
1756,66,LP_LP2,LP_LP,LP,LP,1,F
2866,66,LP_LP1,LP_LP,LP,LP,1,M
2869,66,LP_LP2,LP_LP,LP,LP,1,M
2870,66,LP_LP2,LP_LP,LP,LP,1,M
2871,66,LP_LP2,LP_LP,LP,LP,1,M
2872,66,LP_LP2,LP_LP,LP,LP,1,M
2873,66,LP_LP2,LP_LP,LP,LP,1,M
3120,66,LP_LP1,LP_LP,LP,LP,0,M
1766,68,HP_HP1,HP_HP,HP,HP,1,F
1767,68,HP_HP1,HP_HP,HP,HP,1,F
1768,68,HP_HP1,HP_HP,HP,HP,1,F
2880,68,HP_HP1,HP_HP,HP,HP,1,M
2881,68,HP_HP1,HP_HP,HP,HP,1,M
2882,68,HP_HP1,HP_HP,HP,HP,1,M
2893,68,HP_HP2,HP_HP,HP,HP,1,M
1769,68,HP_LP1,HP_LP,HP,LP,1,F
1777,68,HP_LP2,HP_LP,HP,LP,1,F
1778,68,HP_LP2,HP_LP,HP,LP,1,F
1779,68,HP_LP2,HP_LP,HP,LP,1,F
1780,68,HP_LP2,HP_LP,HP,LP,1,F
1781,68,HP_LP2,HP_LP,HP,LP,1,F
1782,68,HP_LP2,HP_LP,HP,LP,1,F
1783,68,HP_LP2,HP_LP,HP,LP,1,F
1784,68,HP_LP2,HP_LP,HP,LP,1,F
1785,68,HP_LP2,HP_LP,HP,LP,1,F
1786,68,HP_LP2,HP_LP,HP,LP,1,F
2883,68,HP_LP1,HP_LP,HP,LP,1,M
2884,68,HP_LP1,HP_LP,HP,LP,1,M
2890,68,HP_LP2,HP_LP,HP,LP,1,M
2891,68,HP_LP2,HP_LP,HP,LP,1,M
2892,68,HP_LP2,HP_LP,HP,LP,1,M
3122,68,HP_LP1,HP_LP,HP,LP,0,M
1765,68,LP_HP1,LP_HP,LP,HP,1,F
1775,68,LP_HP2,LP_HP,LP,HP,1,F
1776,68,LP_HP2,LP_HP,LP,HP,1,F
2878,68,LP_HP1,LP_HP,LP,HP,1,M
2879,68,LP_HP1,LP_HP,LP,HP,1,M
2889,68,LP_HP2,LP_HP,LP,HP,1,M
3121,68,LP_HP1,LP_HP,LP,HP,0,M
1764,68,LP_LP1,LP_LP,LP,LP,1,F
1770,68,LP_LP2,LP_LP,LP,LP,1,F
1771,68,LP_LP2,LP_LP,LP,LP,1,F
1772,68,LP_LP2,LP_LP,LP,LP,1,F
1773,68,LP_LP2,LP_LP,LP,LP,1,F
1774,68,LP_LP2,LP_LP,LP,LP,1,F
1944,68,LP_LP1,LP_LP,LP,LP,0,F
2885,68,LP_LP2,LP_LP,LP,LP,1,M
2886,68,LP_LP2,LP_LP,LP,LP,1,M
2887,68,LP_LP2,LP_LP,LP,LP,1,M
2888,68,LP_LP2,LP_LP,LP,LP,1,M
1793,71,HP_HP1,HP_HP,HP,HP,1,F
1810,71,HP_HP2,HP_HP,HP,HP,1,F
1811,71,HP_HP2,HP_HP,HP,HP,1,F
1947,71,HP_HP1,HP_HP,HP,HP,0,F
1794,71,HP_LP1,HP_LP,HP,LP,1,F
1795,71,HP_LP1,HP_LP,HP,LP,1,F
1796,71,HP_LP1,HP_LP,HP,LP,1,F
1804,71,HP_LP2,HP_LP,HP,LP,1,F
1805,71,HP_LP2,HP_LP,HP,LP,1,F
1806,71,HP_LP2,HP_LP,HP,LP,1,F
1807,71,HP_LP2,HP_LP,HP,LP,1,F
1808,71,HP_LP2,HP_LP,HP,LP,1,F
1809,71,HP_LP2,HP_LP,HP,LP,1,F
1948,71,HP_LP1,HP_LP,HP,LP,0,F
1954,71,HP_LP2,HP_LP,HP,LP,0,F
2900,71,HP_LP2,HP_LP,HP,LP,1,M
2901,71,HP_LP2,HP_LP,HP,LP,1,M
2902,71,HP_LP2,HP_LP,HP,LP,1,M
2903,71,HP_LP2,HP_LP,HP,LP,1,M
3124,71,HP_LP1,HP_LP,HP,LP,0,M
3132,71,HP_LP2,HP_LP,HP,LP,0,M
1789,71,LP_HP1,LP_HP,LP,HP,1,F
1790,71,LP_HP1,LP_HP,LP,HP,1,F
1791,71,LP_HP1,LP_HP,LP,HP,1,F
1792,71,LP_HP1,LP_HP,LP,HP,1,F
1800,71,LP_HP2,LP_HP,LP,HP,1,F
1801,71,LP_HP2,LP_HP,LP,HP,1,F
1802,71,LP_HP2,LP_HP,LP,HP,1,F
1803,71,LP_HP2,LP_HP,LP,HP,1,F
1949,71,LP_HP2,LP_HP,LP,HP,0,F
1950,71,LP_HP2,LP_HP,LP,HP,0,F
1951,71,LP_HP2,LP_HP,LP,HP,0,F
1952,71,LP_HP2,LP_HP,LP,HP,0,F
1953,71,LP_HP2,LP_HP,LP,HP,0,F
2898,71,LP_HP2,LP_HP,LP,HP,1,M
2899,71,LP_HP2,LP_HP,LP,HP,1,M
3126,71,LP_HP2,LP_HP,LP,HP,0,M
3127,71,LP_HP2,LP_HP,LP,HP,0,M
3128,71,LP_HP2,LP_HP,LP,HP,0,M
3129,71,LP_HP2,LP_HP,LP,HP,0,M
3130,71,LP_HP2,LP_HP,LP,HP,0,M
3131,71,LP_HP2,LP_HP,LP,HP,0,M
1787,71,LP_LP1,LP_LP,LP,LP,1,F
1788,71,LP_LP1,LP_LP,LP,LP,1,F
1797,71,LP_LP2,LP_LP,LP,LP,1,F
1798,71,LP_LP2,LP_LP,LP,LP,1,F
1799,71,LP_LP2,LP_LP,LP,LP,1,F
1945,71,LP_LP1,LP_LP,LP,LP,0,F
1946,71,LP_LP1,LP_LP,LP,LP,0,F
2894,71,LP_LP2,LP_LP,LP,LP,1,M
2895,71,LP_LP2,LP_LP,LP,LP,1,M
2896,71,LP_LP2,LP_LP,LP,LP,1,M
2897,71,LP_LP2,LP_LP,LP,LP,1,M
3123,71,LP_LP1,LP_LP,LP,LP,0,M
3125,71,LP_LP2,LP_LP,LP,LP,0,M
1812,73,HP_HP1,HP_HP,HP,HP,1,F
2905,73,HP_HP1,HP_HP,HP,HP,1,M
2906,73,HP_HP1,HP_HP,HP,HP,1,M
2907,73,HP_HP1,HP_HP,HP,HP,1,M
2908,73,HP_LP1,HP_LP,HP,LP,1,M
2915,73,HP_LP2,HP_LP,HP,LP,1,M
2916,73,HP_LP2,HP_LP,HP,LP,1,M
2917,73,HP_LP2,HP_LP,HP,LP,1,M
1816,73,LP_HP2,LP_HP,LP,HP,1,F
1817,73,LP_HP2,LP_HP,LP,HP,1,F
1818,73,LP_HP2,LP_HP,LP,HP,1,F
1819,73,LP_HP2,LP_HP,LP,HP,1,F
2904,73,LP_HP1,LP_HP,LP,HP,1,M
2912,73,LP_HP2,LP_HP,LP,HP,1,M
2913,73,LP_HP2,LP_HP,LP,HP,1,M
2914,73,LP_HP2,LP_HP,LP,HP,1,M
1813,73,LP_LP2,LP_LP,LP,LP,1,F
1814,73,LP_LP2,LP_LP,LP,LP,1,F
1815,73,LP_LP2,LP_LP,LP,LP,1,F
2909,73,LP_LP2,LP_LP,LP,LP,1,M
2910,73,LP_LP2,LP_LP,LP,LP,1,M
2911,73,LP_LP2,LP_LP,LP,LP,1,M
1822,75,HP_HP1,HP_HP,HP,HP,1,F
1830,75,HP_HP2,HP_HP,HP,HP,1,F
1823,75,HP_LP1,HP_LP,HP,LP,1,F
1829,75,HP_LP2,HP_LP,HP,LP,1,F
1821,75,LP_HP1,LP_HP,LP,HP,1,F
1826,75,LP_HP2,LP_HP,LP,HP,1,F
1827,75,LP_HP2,LP_HP,LP,HP,1,F
1828,75,LP_HP2,LP_HP,LP,HP,1,F
1820,75,LP_LP1,LP_LP,LP,LP,1,F
1824,75,LP_LP2,LP_LP,LP,LP,1,F
1825,75,LP_LP2,LP_LP,LP,LP,1,F
2918,75,LP_LP1,LP_LP,LP,LP,1,M
2919,75,LP_LP2,LP_LP,LP,LP,1,M
1832,78,HP_HP2,HP_HP,HP,HP,1,F
2924,78,HP_HP1,HP_HP,HP,HP,1,M
2942,78,HP_HP2,HP_HP,HP,HP,1,M
2943,78,HP_HP2,HP_HP,HP,HP,1,M
2944,78,HP_HP2,HP_HP,HP,HP,1,M
2945,78,HP_HP2,HP_HP,HP,HP,1,M
2946,78,HP_HP2,HP_HP,HP,HP,1,M
2947,78,HP_HP2,HP_HP,HP,HP,1,M
2948,78,HP_HP2,HP_HP,HP,HP,1,M
2949,78,HP_HP2,HP_HP,HP,HP,1,M
2925,78,HP_LP1,HP_LP,HP,LP,1,M
2926,78,HP_LP1,HP_LP,HP,LP,1,M
2927,78,HP_LP1,HP_LP,HP,LP,1,M
2937,78,HP_LP2,HP_LP,HP,LP,1,M
2938,78,HP_LP2,HP_LP,HP,LP,1,M
2939,78,HP_LP2,HP_LP,HP,LP,1,M
2940,78,HP_LP2,HP_LP,HP,LP,1,M
2941,78,HP_LP2,HP_LP,HP,LP,1,M
2922,78,LP_HP1,LP_HP,LP,HP,1,M
2923,78,LP_HP1,LP_HP,LP,HP,1,M
2928,78,LP_HP2,LP_HP,LP,HP,1,M
2929,78,LP_HP2,LP_HP,LP,HP,1,M
2930,78,LP_HP2,LP_HP,LP,HP,1,M
2931,78,LP_HP2,LP_HP,LP,HP,1,M
2932,78,LP_HP2,LP_HP,LP,HP,1,M
2933,78,LP_HP2,LP_HP,LP,HP,1,M
2934,78,LP_HP2,LP_HP,LP,HP,1,M
2935,78,LP_HP2,LP_HP,LP,HP,1,M
2936,78,LP_HP2,LP_HP,LP,HP,1,M
1831,78,LP_LP2,LP_LP,LP,LP,1,F
2920,78,LP_LP1,LP_LP,LP,LP,1,M
2921,78,LP_LP1,LP_LP,LP,LP,1,M
2954,80,HP_HP2,HP_HP,HP,HP,1,M
2952,80,HP_LP1,HP_LP,HP,LP,1,M
2951,80,LP_HP1,LP_HP,LP,HP,1,M
2950,80,LP_LP1,LP_LP,LP,LP,1,M
2953,80,LP_LP2,LP_LP,LP,LP,1,M
1836,82,HP_HP1,HP_HP,HP,HP,1,F
1842,82,HP_HP2,HP_HP,HP,HP,1,F
2956,82,HP_HP1,HP_HP,HP,HP,1,M
2957,82,HP_HP1,HP_HP,HP,HP,1,M
2958,82,HP_HP1,HP_HP,HP,HP,1,M
2961,82,HP_HP2,HP_HP,HP,HP,1,M
1837,82,HP_LP1,HP_LP,HP,LP,1,F
1841,82,HP_LP2,HP_LP,HP,LP,1,F
1835,82,LP_HP1,LP_HP,LP,HP,1,F
1838,82,LP_HP2,LP_HP,LP,HP,1,F
1839,82,LP_HP2,LP_HP,LP,HP,1,F
1840,82,LP_HP2,LP_HP,LP,HP,1,F
2960,82,LP_HP2,LP_HP,LP,HP,1,M
1833,82,LP_LP1,LP_LP,LP,LP,1,F
1834,82,LP_LP1,LP_LP,LP,LP,1,F
2955,82,LP_LP1,LP_LP,LP,LP,1,M
2959,82,LP_LP2,LP_LP,LP,LP,1,M
2962,85,HP_LP1,HP_LP,HP,LP,1,M
2965,85,HP_LP2,HP_LP,HP,LP,1,M
2966,85,HP_LP2,HP_LP,HP,LP,1,M
2967,85,HP_LP2,HP_LP,HP,LP,1,M
2968,85,HP_LP2,HP_LP,HP,LP,1,M
2969,85,HP_LP2,HP_LP,HP,LP,1,M
2970,85,HP_LP2,HP_LP,HP,LP,1,M
2963,85,LP_LP2,LP_LP,LP,LP,1,M
2964,85,LP_LP2,LP_LP,LP,LP,1,M
2973,87,HP_LP1,HP_LP,HP,LP,1,M
2974,87,HP_LP1,HP_LP,HP,LP,1,M
2978,87,HP_LP2,HP_LP,HP,LP,1,M
2979,87,HP_LP2,HP_LP,HP,LP,1,M
2977,87,LP_HP2,LP_HP,LP,HP,1,M
2971,87,LP_LP1,LP_LP,LP,LP,1,M
2972,87,LP_LP1,LP_LP,LP,LP,1,M
2975,87,LP_LP2,LP_LP,LP,LP,1,M
2976,87,LP_LP2,LP_LP,LP,LP,1,M
2983,89,HP_LP2,HP_LP,HP,LP,1,M
2984,89,HP_LP2,HP_LP,HP,LP,1,M
1843,89,LP_HP1,LP_HP,LP,HP,1,F
2980,89,LP_LP1,LP_LP,LP,LP,1,M
2981,89,LP_LP1,LP_LP,LP,LP,1,M
2982,89,LP_LP2,LP_LP,LP,LP,1,M
2989,92,HP_LP1,HP_LP,HP,LP,1,M
2990,92,HP_LP1,HP_LP,HP,LP,1,M
2991,92,HP_LP1,HP_LP,HP,LP,1,M
2992,92,HP_LP1,HP_LP,HP,LP,1,M
2994,92,HP_LP2,HP_LP,HP,LP,1,M
2995,92,HP_LP2,HP_LP,HP,LP,1,M
2996,92,HP_LP2,HP_LP,HP,LP,1,M
2997,92,HP_LP2,HP_LP,HP,LP,1,M
2998,92,HP_LP2,HP_LP,HP,LP,1,M
2985,92,LP_LP1,LP_LP,LP,LP,1,M
2986,92,LP_LP1,LP_LP,LP,LP,1,M
2987,92,LP_LP1,LP_LP,LP,LP,1,M
2988,92,LP_LP1,LP_LP,LP,LP,1,M
2993,92,LP_LP2,LP_LP,LP,LP,1,M
2999,94,HP_LP1,HP_LP,HP,LP,1,M
3001,96,HP_LP1,HP_LP,HP,LP,1,M
3000,96,LP_LP1,LP_LP,LP,LP,1,M
3005,99,HP_LP1,HP_LP,HP,LP,1,M
3006,99,HP_LP1,HP_LP,HP,LP,1,M
3007,99,HP_LP1,HP_LP,HP,LP,1,M
3010,99,HP_LP2,HP_LP,HP,LP,1,M
3011,99,HP_LP2,HP_LP,HP,LP,1,M
3012,99,HP_LP2,HP_LP,HP,LP,1,M
3013,99,HP_LP2,HP_LP,HP,LP,1,M
3014,99,HP_LP2,HP_LP,HP,LP,1,M
3004,99,LP_HP1,LP_HP,LP,HP,1,M
3002,99,LP_LP1,LP_LP,LP,LP,1,M
3003,99,LP_LP1,LP_LP,LP,LP,1,M
3008,99,LP_LP2,LP_LP,LP,LP,1,M
3009,99,LP_LP2,LP_LP,LP,LP,1,M
3015,101,LP_LP1,LP_LP,LP,LP,1,M
3016,101,LP_LP1,LP_LP,LP,LP,1,M
3017,101,LP_LP2,LP_LP,LP,LP,1,M
3018,101,LP_LP2,LP_LP,LP,LP,1,M
3019,103,LP_LP2,LP_LP,LP,LP,1,M
3020,106,HP_LP2,HP_LP,HP,LP,1,M
3021,110,HP_LP1,HP_LP,HP,LP,1,M
3022,113,HP_LP1,HP_LP,HP,LP,1,M
3023,113,HP_LP2,HP_LP,HP,LP,1,M